/*
 Navicat Premium Data Transfer

 Source Server         : mysql5
 Source Server Type    : MySQL
 Source Server Version : 50553
 Source Host           : localhost:3307
 Source Schema         : article_system

 Target Server Type    : MySQL
 Target Server Version : 50553
 File Encoding         : 65001

 Date: 15/12/2022 15:19:10
*/

SET NAMES utf8mb4;
SET FOREIGN_KEY_CHECKS = 0;

-- ----------------------------
-- Table structure for as_article
-- ----------------------------
DROP TABLE IF EXISTS `as_article`;
CREATE TABLE `as_article`  (
                               `article_id` int(11) NOT NULL AUTO_INCREMENT COMMENT '文章ID',
                               `article_user_id` int(11) UNSIGNED NULL DEFAULT NULL COMMENT '用户ID',
                               `article_title` varchar(255) CHARACTER SET utf8 COLLATE utf8_general_ci NULL DEFAULT NULL COMMENT '文章标题',
                               `article_content` mediumtext CHARACTER SET utf8 COLLATE utf8_general_ci NULL COMMENT '内容',
                               `article_is_comment` int(11) NULL DEFAULT 1,
                               `article_create_time` datetime NULL DEFAULT NULL COMMENT '创建时间',
                               `article_summary` text CHARACTER SET utf8 COLLATE utf8_general_ci NULL COMMENT '摘要',
                               `article_thumbnail` varchar(255) CHARACTER SET utf8 COLLATE utf8_general_ci NULL DEFAULT NULL COMMENT '缩略图',
                               PRIMARY KEY (`article_id`) USING BTREE,
                               INDEX `article_is_comment`(`article_is_comment`) USING BTREE
) ENGINE = MyISAM AUTO_INCREMENT = 736 CHARACTER SET = utf8 COLLATE = utf8_general_ci ROW_FORMAT = Dynamic;

-- ----------------------------
-- Records of as_article
-- ----------------------------
INSERT INTO `as_article` VALUES (559, 7, '卡塔尔世界杯｜点球破门！梅西收获卡塔尔世界杯首个进球', '<p></p><div class=\"_213jB lg-fl \" style=\"text-align: start;\"></div><p></p><div class=\"_3ygOc lg-fl \" style=\"text-align: start;\"><p><span class=\"bjh-p\">&nbsp; &nbsp; &nbsp; 11月22日，在卡塔尔卢赛尔球场进行的2022卡塔尔世界杯足球赛C组比赛中，阿根廷队对阵沙特阿拉伯队。比赛第9分钟，沙特队禁区内犯规拉倒了阿根廷球员帕雷德斯。主裁判在回看了VAR后判罚点球，梅西点球轻松破门，收获自己在卡塔尔世界杯上的首个进球！</span></p><p><span class=\"bjh-p\">&nbsp; &nbsp; &nbsp; &nbsp;</span></p></div>', 1, '2022-11-22 19:11:13', '&nbsp; &nbsp; &nbsp; 11月22日，在卡塔尔卢赛尔球场进行的2022卡塔尔世界杯足球赛C组比赛中，阿根廷队对阵沙特阿拉伯队。比赛第9分钟，沙特队禁区内犯规拉倒了阿根廷球员帕雷德斯。主裁判在回看了VAR后判罚点球，梅西点球轻松破门，收获自己在卡塔尔世界杯上的首个进球！&nbsp; ', 'http://localhost:8080/ArticleSystem/ArticleSystemImg/166911547048875341.jpeg');
INSERT INTO `as_article` VALUES (599, 7, '物理学科普，量子力学、相对论、超弦理论都是怎么一回事儿？', '<p data-track=\"1\" style=\"text-align: justify;\">前几天被同事安利《三体》，给我讲了很多里面的故事和科幻现象。<span>不过我最感兴趣的是基础物理学的发展和现状，以及它究竟会往哪个方向发展，还能不能再突破了？</span>实际上我们今天所看到的所有科技成果，都依赖过去几百年里人类对基础科学的不断突破，一旦这种突破停滞了，科技也就很难有大的进步了。</p><p data-track=\"2\" style=\"text-align: justify;\">今天这篇文章是个科普帖，<span>我尽量只用初中物理学知识把物理学几百年的发展给讲清楚</span>，来看看人类是怎么一步步走到今天的。</p><p data-track=\"4\" style=\"text-align: justify;\"><span>文章很长，建议先点赞收藏，再阅读。</span></p><p class=\"pgc-p syl-page-br\" data-track=\"256\" style=\"text-align: justify;\"><br></p><h1 class=\"pgc-h-arrow-right\" data-track=\"6\" style=\"text-align: justify;\">（一）从神学说起</h1><p data-track=\"7\" style=\"text-align: justify;\">要说科学，就得先说神学，在古代这两个是一回事儿。区别就是神学要求遵从和参透，而科学鼓励突破和改造。</p><p data-track=\"8\" style=\"text-align: justify;\"><span>因为在科学走进人们的生活之前，拿来解释自然界各种光怪陆离的统一理论就是：神</span>。你可以想象一下，如果一个古代人，看到了天上在打雷，而且碰巧还劈死了一个人，以当时人类掌握的知识根本没有办法解释这个现象。在经过不停地思考和追问之后，往往会得出一个结论：这小子得罪“神”了！</p><p data-track=\"9\" style=\"text-align: justify;\">后来欧洲开始文艺复兴，又办起了新式教育，越来越多的人读书认字儿了。这些识文断字的人慢慢就发现神学的很多解释跟实际观察的现象不一致，<span>这些人就大胆地站出来，说神学错了，科学才是对的</span>，这里最典型的例子就是哥白尼的“日心说”。</p><p data-track=\"10\" style=\"text-align: justify;\">日心说真正厉害的地方是在于它破除了人的“直觉”，你想想看，我们每天看到太阳从东边升起、西边落下，自然会觉得太阳是围绕地球旋转的，这个就是直觉。<span>科学家的使命就是寻找直觉背后的真相。</span></p><h1 class=\"pgc-h-arrow-right\" style=\"text-align: justify;\">（二）伽利略有多牛</h1><div class=\"pgc-img\" style=\"text-align: justify;\"><img src=\"https://p3-sign.toutiaoimg.com/tos-cn-i-qvj2lq49k0/d8fc78dee98045fca76f65c78b83ecbc~noop.image?_iz=58558&amp;from=article.pc_detail&amp;x-expires=1670482475&amp;x-signature=j2WCh12C93IerAb4QfvgzpswkLk%3D\" img_width=\"1100\" img_height=\"510\" image_type=\"1\" mime_type=\"image/jpeg\" web_uri=\"tos-cn-i-qvj2lq49k0/d8fc78dee98045fca76f65c78b83ecbc\" class=\"syl-page-img\"><p class=\"pgc-img-caption\" style=\"text-align: center;\">伽利略：近代科学的奠基人之一</p></div><p data-track=\"16\" style=\"text-align: justify;\"><span>伽利略破除直觉的能力就更强大了。</span>这话要怎么说呢，我举个最简单的例子吧，比如地上放着一个皮球，谁都不碰它的话，它是不会动的，这时候来了个小朋友踢了一脚，皮球就会向前滚动。于是，小朋友的直觉就会告诉他，皮球是因为被踢了一脚才动的，所以他会追着皮球去踢它。</p><p data-track=\"17\" style=\"text-align: justify;\">这个过程里，直觉告诉我们一个什么结论呢？这就是：所有的物体本身都是静止的，给物体一个作用力，它就会运动。而一旦作用力停下来，物体也会很快停下来。是这个道理吧？</p><p data-track=\"18\" style=\"text-align: justify;\">伽利略怎么破除了直觉呢？他认为滚动的皮球在没有人打扰的情况下，会一直保持匀速直线运动。<span>你看看这脑洞大吧，因为他的这个结论在生活中不可能发生</span>，滚动的皮球一定会停下来，我们生活的环境里到处都是摩擦力，不可能观察到有什么物体可以一直保持匀速直线运动。伽利略的这个思考被他的下一代人，也就是牛顿写成了惯性定律，成为了我们今天初中物理课本的内容。</p><p data-track=\"19\" style=\"text-align: justify;\">在伽利略前后的几代科学家都在破除了直觉干扰，思考底层的规律和逻辑，这种科学的思想一直延续到了今天。当然，对于从刚从黑暗中世纪走出来的欧洲来说，世界依然被黑暗笼罩，<span>直到伽利略去世的那一年，那个为黑暗世界打开一扇窗的人诞生了，他就是牛顿。</span></p><h1 class=\"pgc-h-arrow-right\" style=\"text-align: justify;\">（三）第一座大神：牛顿</h1><div class=\"pgc-img\" style=\"text-align: justify;\"><img src=\"https://p3-sign.toutiaoimg.com/tos-cn-i-qvj2lq49k0/58993ddb46f84444a42bf1dc39507ee9~noop.image?_iz=58558&amp;from=article.pc_detail&amp;x-expires=1670482475&amp;x-signature=PP1y4Ely6CI%2FWlMsig4RYnrZtXo%3D\" img_width=\"3072\" img_height=\"2113\" image_type=\"1\" mime_type=\"image/jpeg\" web_uri=\"tos-cn-i-qvj2lq49k0/58993ddb46f84444a42bf1dc39507ee9\" class=\"syl-page-img\"><p class=\"pgc-img-caption\" style=\"text-align: center;\">科学革命的集大成者--牛顿</p></div><p data-track=\"23\" style=\"text-align: justify;\">说牛顿是科学史上的第一座大神真是一点也不为过，他是科学革命的集大成者，把前辈科学家总结的孤立定律变成了体系。我们要知道，<span>奠定体系是一件特别牛的事情</span>，我举个例子你感受一下：</p><p data-track=\"24\" style=\"text-align: justify;\">牛顿总结了力学三大定律，我们在初中物理课本里都学过吧，分别是惯性定律，也就是总结并推广了伽利略的思想；第二定律是把质量、加速度和力统一到了一个非常简单的数学公式里去了，也就是F=ma，简单到只需要3个字母就能把运动和质量的关系说清楚；第三定律呢，又定义了力的相互作用性。这三个定律覆盖的范围从小朋友踢皮球到起重机搬石头，无所不包！</p><p data-track=\"25\" style=\"text-align: justify;\"><span>这事儿有多牛呢，自牛顿以后的两百多年，基础力学再也没有突破过这个规则了</span>，无论是搞理论研究的、还是工厂里做测量的、还是课堂上的老师学生，都得按照牛顿的公式来计算，离开了这套体系那是寸步难行。</p><p data-track=\"26\" style=\"text-align: justify;\">你想想看，咱们平时要是在工作上做成了一件事儿，帮公司提高了业绩，这都已经够让我们自信的了。人家牛顿做的事儿，可都是前无古人、后面很多年也都没有来者的事情，难怪当年的牛顿去了哪儿就像个大明星一样被前呼后拥，你想想看，这牛顿得有多牛，当时的他得有多自信！</p><p data-track=\"27\" style=\"text-align: justify;\">不过老牛确实是有点牛脾气，可能是和他年少时不幸的家庭环境有关系，牛顿的性格比较偏激，在那帮科学家怪叔叔的圈子里都算是极端的，跟我后面要说的那个风流倜傥、谈吐幽默的爱因斯坦相比那更是天上地下。<span>偏激的性格也让晚年的牛顿严重阻碍了科学的进步，他太自信了，只相信自己的判断，比如在“光”这件事儿上。</span></p><h1 class=\"pgc-h-arrow-right\" style=\"text-align: justify;\">（四）光的波粒战争</h1><p data-track=\"30\" style=\"text-align: justify;\"><span>牛顿一直坚持光是一种物质粒子</span>，由七种颜色的粒子混合而成。当然，现在我们都知道了，光有“波粒二象性”，就是说它既是粒子、又是波，但由于老牛的牛脾气，所以当时的光波说法都被他无情地打压了。</p><p data-track=\"31\" style=\"text-align: justify;\"><span>直到“杨氏双缝干涉”实验的出现，才正式确认了光这个东西其实是一种波。</span>原因就是光的身上发生了只有“波”才会发生的干涉现象。</p><div class=\"pgc-img\" style=\"text-align: justify;\"><img src=\"https://p3-sign.toutiaoimg.com/tos-cn-i-qvj2lq49k0/543e989978774a5186fa2d79b3a69ec6~noop.image?_iz=58558&amp;from=article.pc_detail&amp;x-expires=1670482475&amp;x-signature=Xpao0qmm9D1hSqS3ZFNrEofTvzo%3D\" img_width=\"880\" img_height=\"736\" image_type=\"1\" mime_type=\"image/jpeg\" web_uri=\"tos-cn-i-qvj2lq49k0/543e989978774a5186fa2d79b3a69ec6\" class=\"syl-page-img\"><p class=\"pgc-img-caption\"></p></div><p data-track=\"33\" style=\"text-align: justify;\">实验图就在这里，光源a发出的一束光在经过两个小孔b,c之后，会在后面的挡板d上形成明暗相间的干涉条纹。如果光不是一种波的话，是不可能有条纹出现的。</p><p data-track=\"34\" style=\"text-align: justify;\">当然，科学家要完全降服“光”这个东西要等到近代了，当时的人只想搞清楚光就究竟是一种什么样的波呢？在牛顿逝世的104年之后，给出答案的那个人诞生了，他就是物理学的第二尊大神：麦克斯韦。</p><h1 class=\"pgc-h-arrow-right\" style=\"text-align: justify;\">（五）第二座大神：麦克斯韦</h1><p data-track=\"37\" style=\"text-align: justify;\">麦克斯韦搞理论研究特别牛，写了一手漂亮的物理学公式，他用4个对称公式描述了磁场和电场，这就是被誉为“最美丽公式”的麦克斯韦方程组。为了表达对科学家的敬意，我把这组公式贴在这里：</p><div class=\"pgc-img\" style=\"text-align: justify;\"><img src=\"https://p3-sign.toutiaoimg.com/tos-cn-i-qvj2lq49k0/f198d2bfa45c453a9cdb702f1bf5938a~noop.image?_iz=58558&amp;from=article.pc_detail&amp;x-expires=1670482475&amp;x-signature=AyHtBner3kUL2nWSQ7fkZQ3YWMI%3D\" img_width=\"632\" img_height=\"760\" image_type=\"1\" mime_type=\"image/png\" web_uri=\"tos-cn-i-qvj2lq49k0/f198d2bfa45c453a9cdb702f1bf5938a\" class=\"syl-page-img\"><p class=\"pgc-img-caption\" style=\"text-align: center;\">最美丽的公式：麦克斯韦方程组。说它美丽是因为它简洁、对称、普适而且内涵深远</p></div><p data-track=\"42\" style=\"text-align: justify;\">在说这组公式为什么“美丽”之前，我得先说一下它的诞生过程：</p><p data-track=\"43\" style=\"text-align: justify;\">还记得我小时候物理课本里学过，富兰克林在雷雨天放风筝，以此获得“电”这个东西。事实上，科学家摆弄电和磁这两种东西也有很多年头了，到了法拉第这里他发现了电生磁、磁生电的奥秘，还提出了“场”的概念。</p><p data-track=\"44\" style=\"text-align: justify;\">“场”的概念非常非常重要，为什么这么说呢？因为我们知道同性的电荷或者磁体是互斥的、而异性是相吸的，那么电和磁的这种“引力”和“斥力”是通过什么东西在传递呢？我们再想一想，按照牛顿力学的理论，要让皮球飞走，小朋友至少要接触到皮球吧？那么电磁的这种力为什么不需要接触呢？这时候法拉第说了，是因为“场”。<span>电荷之间通过电场传播作用力，而磁体之间的作用力通过磁场传递。</span></p><p data-track=\"45\" style=\"text-align: justify;\">不过很可惜，法拉第这位科学家的脑洞很大而且擅长做实验，甚至通过实验证明了场的存在。但是他的数学能力要差一些，没有办法用数学来证明场的逻辑。这时候比法拉第年轻四十岁的麦克斯韦走到了台前。</p><p data-track=\"46\" style=\"text-align: justify;\">麦克斯韦一登场就给出了上面图片里的四个方程，我简单说一下它们表达的含义，顺便带你复习一下高中物理：公式1和2分别解释了电场和磁场的性质；公式3和4解释了磁生电和电生磁的数学公式，全宇宙的电磁现象都可以用这组方程来解释。而且这四个方程极具对称美和自洽性，把电和磁装进了一个体系里，颇有一点阴阳调和的感觉。</p><p data-track=\"47\" style=\"text-align: justify;\">如果只是提出了这套方程组，那么麦克斯韦还算不上大神。他还做了两件更牛的事情，第一件事是他<span>证明了电磁波的存在</span>，也就是在空间中传递的电场会产生磁场，而磁场又产生电场，如此反复，它们便可以一直传播下去。第二件事是麦克斯韦通过计算电磁波的速度，发现居然等同于光速，于是他大胆预言：<span>光是一种电磁波！</span></p><p data-track=\"48\" style=\"text-align: justify;\">就这样，<span>电、磁、光这三样东西都被麦克斯韦纳入到了一个体系里</span>，物理学大神的称号，麦克斯韦实至名归！</p><h1 class=\"pgc-h-arrow-right\" style=\"text-align: justify;\">（六）两朵乌云</h1><p data-track=\"51\" style=\"text-align: justify;\">如果要用一个词来形容1900年的物理学，那一定就是“<span>岁月静好</span>”了，这个时候的物理学大厦已经建好，“几乎”没有什么科学现象是无法用现有的体系来解释的。</p><p data-track=\"52\" style=\"text-align: justify;\">这也让很多在未来会大放光芒的物理学家差点就改行了，很多人当时还在读书，老师都会苦口婆心地劝他们：小伙子，学点啥都行，但千万不能学物理啊，你看看力学、电磁学、光学，你能改一个字算我输。你还年轻，可得想清楚了，学了物理可就注定了这辈子要庸庸碌碌、一事无成了。</p><p data-track=\"53\" style=\"text-align: justify;\">但是，在物理学晴朗的天空下，还漂浮着两朵乌云，也就是有两个尚未解决的问题，<span>第一个问题叫“迈克尔逊-莫雷实验”，后来发展出了狭义相对论；第二个问题是黑体辐射，后来发展出了量子力学。</span>真是庆幸那些年轻人没有改行！</p><p data-track=\"54\" style=\"text-align: justify;\">好了，我们先从黑体辐射和量子力学说起，准备上车，让我们进入量子的世界。</p><h1 class=\"pgc-h-arrow-right\" style=\"text-align: justify;\">（七）量子力学1：学啥都要先学框架</h1><p data-track=\"57\" style=\"text-align: justify;\">量子力学这玩意儿太烧脑，很多文章一上来就讲量子纠缠、量子隧穿，一下子就蒙圈了。我们得学框架，整个框架是这样的：首先我们要知道什么是量子，以及它为什么偏偏要叫“量”子而不是叫老子、孙子、乌鱼子。</p><p data-track=\"250\" style=\"text-align: justify;\">然后，我们要抓住量子的最核心特性，这就是不确定性原理和波函数，那些很诡异的量子力学现象大部分都和这两个特性有关系。最后我们还要了解量子的分类方法，因为在这篇文章里，你会看到很多的量子，比如电子、玻色子、胶子、费米子和引力子，看起来容易蒙。当你了解了它们都是根据某些属性做的划分时，一切又都豁然开朗了。好了，沿着这个思路，希望你可以在看完这一part之后，可以对量子力学有一个清晰的认识。</p><h1 class=\"pgc-h-arrow-right\" style=\"text-align: justify;\">（八）量子力学2：量子是什么</h1><p data-track=\"60\" style=\"text-align: justify;\">还记得两朵乌云吧，我们先从黑体辐射问题说起。</p><p data-track=\"61\" style=\"text-align: justify;\">所谓黑体，听上去很神秘，实际上特别简单，不透光的东西就是黑体，自然界很多啊，比如太阳、火焰、烧红的锅炉，这些都是。<span>黑体有个特点，它会对外辐射电磁波</span>，而且黑体温度不同，辐射电磁波的波长也不一样，比如太阳看起来就是黄黄的。当时工业上需要知道冶金锅炉的温度和辐射波长的计算公式，但<span>奇怪的是，根据麦克斯韦理论推导出来的公式居然跟实验数据对不上</span>，这就是乌云之一的“黑体辐射问题”。</p><p data-track=\"62\" style=\"text-align: justify;\">为什么数据会对不上呢？难道是麦克斯韦错啦？如果错了，正确的又是什么呢？</p><p data-track=\"63\" style=\"text-align: justify;\">这时候有个物理学家叫普朗克，他做了一件我们小时候都会做的事情，就是当解不出数学题的时候，往往会偷瞄一眼参考答案里最后的那个结果，你回忆一下干过这事儿吧？然后再想尽办法把答案往那个结果上去凑。<span>普朗克就是这么干的，他凑出来了一个完美吻合实验数据的公式！</span></p><p data-track=\"64\" style=\"text-align: justify;\">但问题来了，这个公式要求黑体在向外辐射电磁波的时候不能连续辐射，而是要一份一份地辐射出来。<span>普朗克就把这个一份一份而且不可再分割的东西叫作“量子”。事实上他自己也不知道这是个啥玩意儿</span>，毕竟当年你在凑答案的时候，除了结果是正确的，那个推导过程必定是惨不忍睹的。</p><div class=\"pgc-img\" style=\"text-align: justify;\"><img src=\"https://p3-sign.toutiaoimg.com/tos-cn-i-qvj2lq49k0/9b8447f61ed84849bc90d6de4896cca6~noop.image?_iz=58558&amp;from=article.pc_detail&amp;x-expires=1670482475&amp;x-signature=gf6%2B9MfISJSgVg9q2RfrUCv%2BGWg%3D\" img_width=\"534\" img_height=\"378\" image_type=\"1\" mime_type=\"image/jpeg\" web_uri=\"tos-cn-i-qvj2lq49k0/9b8447f61ed84849bc90d6de4896cca6\" class=\"syl-page-img\"><p class=\"pgc-img-caption\" style=\"text-align: center;\">这个帅到掉渣的男人就是普朗克，研究量子力学之后，他就变了个样子。所以他一直反对量子力学，还我容颜！</p></div><p data-track=\"68\" style=\"text-align: justify;\"><span>点破“量子玄机”的人是爱因斯坦！</span></p><p data-track=\"69\" style=\"text-align: justify;\">他说量子这个东西跟是不是黑体辐射没关系，只要是电磁波，它的最小单元都是一份一份的、不连续的，也就是量子化的。这个太违背我们的直觉了，要知道我们是生活在一个连续的世界里，比如每天的气温是连续上升的，只要计算尺度足够精确，温度可以一点点的上升。而量子的观点却说，世界存在一个最小的、不可再分的单元，好比说温度会突然从12度跳跃到13度。</p><p data-track=\"70\" style=\"text-align: justify;\">爱因斯坦像他的前辈伽利略、牛顿一样破除了直觉，正是用这个匪夷所思的设想，爱因斯坦解释了光电效应，然后拿了个诺贝尔奖。当然，爱因斯坦的伟大是无法用诺贝尔奖来衡量的。</p><p data-track=\"71\" style=\"text-align: justify;\"><span>好了，量子的世界被打开了，普朗克发现量子的1900年也被称为量子力学元年。</span></p><p data-track=\"72\" class=\"syl-page-br\" style=\"text-align: justify;\"><br></p><h1 class=\"pgc-h-arrow-right\" style=\"text-align: justify;\">（九）量子力学-3：从电子说起</h1><p data-track=\"74\" style=\"text-align: justify;\">经过上文的解释，我们知道<span>只要一个东西，比如电磁波，它存在不可再分割的最小单元，那么这个东西就被称为“量子化”的，这个不可分割的最小单元就叫作“量子”</span>，所以后来出现的那些微观粒子，比如光子、电子、中微子、轻子等都是量子。</p><p data-track=\"75\" style=\"text-align: justify;\">电磁波的量子化让科学家们对其它的物理量也产生了兴趣，这就好比你新买了个锤子，总想找颗钉子敲一敲。科学家们找到的钉子是“电子”，这里我<span>得先说一下电子的重要性</span>：</p><p data-track=\"76\" style=\"text-align: justify;\">你有没有好奇过一件事儿，我们在化学课本里学过的：电子分布在原子核周围，并且两者之间有很大的空隙，那么为什么没有别的原子穿过这些缝隙呢？比如你用手指触碰水滴，水滴为什么不会渗进手指的皮肤原子里呢？</p><p data-track=\"77\" style=\"text-align: justify;\">这是因为，当手指触碰水滴时，原子外层的电子之间会发生电磁作用，你可以把想象成排斥力，这个力阻止了水滴的渗透。事实上，世界上所有的物理和化学反应都是来自外层电子的相互作用，电子是如此重要，所以必须得先敲一敲它。</p><p data-track=\"78\" style=\"text-align: justify;\"><span>敲开电子谜题的人叫波尔</span>，也是我们化学课本里经常提到的科学家。他说，电子在原子核周围分布在很多个能级上，但是能级是不连续的，也就是量子化的。这个就是大名鼎鼎的“波尔原子模型”了。</p><div class=\"pgc-img\" style=\"text-align: justify;\"><img src=\"https://p3-sign.toutiaoimg.com/tos-cn-i-qvj2lq49k0/de33a180dfc444ae80728efd8ab57abc~noop.image?_iz=58558&amp;from=article.pc_detail&amp;x-expires=1670482475&amp;x-signature=tbfqclOG%2BSv05MCOxcx0NZBR8Wg%3D\" img_width=\"1280\" img_height=\"720\" image_type=\"1\" mime_type=\"image/jpeg\" web_uri=\"tos-cn-i-qvj2lq49k0/de33a180dfc444ae80728efd8ab57abc\" class=\"syl-page-img\"><p class=\"pgc-img-caption\" style=\"text-align: center;\">化学课本里的波尔和原子模型</p></div><p data-track=\"81\" style=\"text-align: justify;\">如果波尔的原子模型是对的，那么问题来了，为什么电子不会拥挤到最低能级的轨道上，而是要分布在不同能级轨道上呢？<span>答案就是“泡利不相容原理”</span>，这也是量子力学里最经典的理论了。</p><p data-track=\"84\" style=\"text-align: justify;\"><span>不相容原理就是说两个相同的电子不能占据同一个能级轨道</span>，后来被引申为两个相同的费米子不能占据同一个量子态。你肯定不理解这句话了，我来打个比方，有一次我在一个露天音乐节上看到了华晨宇，我当然是很无感啦，但女粉丝们太疯狂，如果没有规则的话，粉丝们会拥到华晨宇的周围，演出就没法进行了。如果华晨宇是原子核，粉丝是电子，那么就相当于所有的电子都拥挤到最低的能级上去了，把原子核围成了一个圈儿。</p><p data-track=\"85\" style=\"text-align: justify;\">现在主办方作了个规定，每一排最多只能有2名来自同一个省份的粉丝，按照这个规则的话，每一圈只能有有限个数量的粉丝了，整体的结构也就变成了华晨宇在中间，周边围绕着同心圆一样的一层层的粉丝，是这样吧？粉丝的“省份”属性就对应了电子的“自旋”属性。于是，电子也就一层层的分布在了不同的能级轨道上。</p><p data-track=\"86\" style=\"text-align: justify;\">多亏泡利不相容原理，不同原子的“同心圆”才长的不一样，外层电子的排列范围和数量的不同，让不同物质得以表现不同的化学性质。这才有了我们这个丰富多彩的世界。</p><p data-track=\"87\" class=\"syl-page-br\" style=\"text-align: justify;\"><br></p><h1 class=\"pgc-h-arrow-right\" style=\"text-align: justify;\">（十）量子力学-4：海森堡不确定性原理</h1><p data-track=\"89\" style=\"text-align: justify;\">那么你可能要问了，电子是怎么在原子核周围运动的呢？这个时候有一个年轻人海森堡站了出来，提出了一个“不确定性原理”，他说<span>电子的运动是不确定的，也就是无法同时确定一个电子的位置和动量</span>。</p><p data-track=\"90\" style=\"text-align: justify;\">海森堡的论证是这样的：你要想知道一个电子在哪里，总要用光去照一照它吧，但是光子的能量比电子大的多，一旦接触上，就会把电子打飞。他管这个叫“测不准”原理。事实上，电子不是测不准，而是真的不确定。电子有可能在这儿、也有可能在那儿，一切都是随机！</p><p data-track=\"91\" style=\"text-align: justify;\">如果你试图确定电子的位置，那么它的动量就会趋向于无穷大；如果想要固定住电子的动量，那它的位置就可能出现在宇宙中的任何地方。另外，时间和能量也是这么一对不确定性关系。</p><p data-track=\"92\" style=\"text-align: justify;\">如果你不接受这个解释啊，也没关系，因为爱因斯坦也不接受这个解释，直到去世他都认为一定是有某种未知的因素导致了“不确定性”。当然了，后世的科学家已经用无数个实验证明了量子的不确定性，爱因斯坦确实错了。</p><div class=\"pgc-img\" style=\"text-align: justify;\"><img src=\"https://p3-sign.toutiaoimg.com/tos-cn-i-qvj2lq49k0/0f7d8cb37f064bf7a1edb2a0aa3fd54b~noop.image?_iz=58558&amp;from=article.pc_detail&amp;x-expires=1670482475&amp;x-signature=ArX12u7PFt66lhAE8voDAKblJfA%3D\" img_width=\"572\" img_height=\"352\" image_type=\"1\" mime_type=\"image/jpeg\" web_uri=\"tos-cn-i-qvj2lq49k0/0f7d8cb37f064bf7a1edb2a0aa3fd54b\" class=\"syl-page-img\"><p class=\"pgc-img-caption\" style=\"text-align: center;\">“单电子双缝干涉”：一个电子可以同时通过两个缝隙，自己跟自己发生干涉。这就是电子在空间的不确定导致的</p></div><h1 class=\"pgc-h-arrow-right\" data-track=\"249\" style=\"text-align: justify;\">（十一）量子力学5：波函数和量子纠缠</h1><p data-track=\"98\" style=\"text-align: justify;\">更让爱因斯坦不能接受的是那个“幽灵般的超距作用”，也就是“量子纠缠”。这个要从薛定谔的波函数说起。</p><p data-track=\"99\" style=\"text-align: justify;\">写出波函数的薛定谔其实也反对量子力学，所以在公式写出来之后，连老薛本人也搞不懂是什么意思，还是另外一个叫波恩的科学家给解释了一下，大家才搞明白。</p><p data-track=\"100\" style=\"text-align: justify;\"><span>波函数更准确的名字应该是“状态函数”，它描述了一个量子可能的各种状态的“叠加形式”。</span>也就是说，量子本身是处于一个“叠加态”的状态，一个电子既在这里、又在那里的一个叠加状态。</p><p data-track=\"101\" style=\"text-align: justify;\">我举一个不太恰当的例子， 好比你有一个很善变的女朋友，每次你问她想吃什么，她都会给你一个答案，比如火锅；等会儿你再问她，她又改口说饺子了，总之每次说的都不一样。如果让她自己表态呢，她就会说“火锅饺子我都可能吃，就看你懂不懂我咯？”。</p><p data-track=\"102\" style=\"text-align: justify;\">也就是说，在询问之前，她处于一个既可能吃火锅又可能吃饺子的叠加态，要通过询问才能得到确定的答复。这个例子不是特别恰当，因为在量子世界，量子在没有被询问（观察）之前，它真的既在吃饺子又在吃火锅。</p><p data-track=\"103\" style=\"text-align: justify;\">后来有个叫狄拉克的科学家把波函数和狭义相对论结合了起来，给出了著名的狄拉克方程。这个方程有个特别的地方，就是在里面可以解出带正电的电子，<span>这是人类第一次预言“反物质”的存在</span>。</p><p data-track=\"104\" style=\"text-align: justify;\">好了，不管如何，你理解了波函数用来描述量子叠加态的状态就行了，<span>我现在讲量子纠缠</span>。还是用女朋友来打比方，假如她还有个孪生姐妹，跟她一样矫（可）情（爱）。但孪生姐妹之间有某种奇怪的心灵感应，无论她俩距离多远，你问同一个问题，一定会得到相反的答案。</p><p data-track=\"105\" style=\"text-align: justify;\">比如你问吃什么，姐姐说饺子，那么从妹妹瞬间就脱口而出：吃火锅。注意，姐妹俩之间没有任何沟通。这对孪生姐妹姐妹就被叫做“纠缠在一起的量子对”，她们的这种奇妙感应就叫“量子纠缠”。</p><p data-track=\"106\" style=\"text-align: justify;\">纠缠量子对是实验室的产物，<span>科学家们发现制造的纠缠量子具有相同的叠加态，无论他们距离多远，一个量子自旋-1/2，另一个一定会瞬间自旋+1/2</span>，顺便说一句，我们在现实世界里无法理解自旋1/2，也就是自转2圈回到原点。</p><div class=\"pgc-img\" style=\"text-align: justify;\"><img src=\"https://p3-sign.toutiaoimg.com/tos-cn-i-qvj2lq49k0/dad3750b8ce54684af2f79927e606f8c~noop.image?_iz=58558&amp;from=article.pc_detail&amp;x-expires=1670482475&amp;x-signature=YzC1Y5nTXtd9kf%2FYNClsNplsSgY%3D\" img_width=\"1200\" img_height=\"676\" image_type=\"1\" mime_type=\"image/png\" web_uri=\"tos-cn-i-qvj2lq49k0/dad3750b8ce54684af2f79927e606f8c\" class=\"syl-page-img\"><p class=\"pgc-img-caption\" style=\"text-align: center;\">自旋1/2就是自转2圈后回到原点，这是数学的产物。莫比乌斯环能让你感受一下这个奇妙过程，跑几圈回到原点呢</p></div><h1 class=\"pgc-h-arrow-right\" style=\"text-align: justify;\">（十二）量子力学6：量子通信</h1><p data-track=\"112\" style=\"text-align: justify;\"><span>无论量子距离多远，量子对都能瞬间发生“超距感应”。</span>是不是感觉这个物理现象很有用啊？比如我们派孪生姐妹里的姐姐去太空寻找外星生命，找到了就扣个1，按照纠缠原理，地球上的“妹妹”就会瞬间扣个0，这样不就能快速完成星际探索了吗？答案是，不可以！</p><p data-track=\"113\" style=\"text-align: justify;\">原因是<span>这种超距通信不传递任何信息</span>，怎么理解呢，就是说无论有没有找到外星生命，姐姐都可能扣1，也可能扣0，究竟是扣1还是0完全随机。这个完全符合狭义相对论的定义，也就是不存在任何超过光速的信息传递。</p><p data-track=\"114\" style=\"text-align: justify;\">好吧，那这么说的话，量子纠缠就一点用也没有了吗？那可不是。</p><p data-track=\"115\" style=\"text-align: justify;\"><span>“量子通信”用的就是量子纠缠的原理，只不过不是用来传递信息，而是要把信息加密，准确的说，量子通信应该叫量子加密通信。</span>这个要怎么理解呢？</p><p data-track=\"116\" style=\"text-align: justify;\">在很多的抗日神剧里经常有个情节，敌人会想尽办法获取我党的密码本，这样就可以破译我党的电文了。量子纠缠就相当于是这个密码本，也叫密钥。这个过程怎么实现呢？我可以制造很多的纠缠光子对，发送给你，这样我们就得到了一组随机而且彼此知道结果的0和1，对吧？相当于我们沟通了密码本，然后再用传统的信息通道，比如互联网，把信息用密钥加密后传给你，你接收到信息之后，再用你那边的密码本解密就可以了。</p><p data-track=\"117\" style=\"text-align: justify;\">这种密钥的好处是它只用一次，而且完全不怕被窃听和劫持，安全性那是非常的高，理论上没有被破译的可能。所以<span>量子通信是一个无比坚固的安全盾牌</span>，不过话说回来，<span>盾牌的价值需要在出现无比锋利的利刃时才能体现，目前的利刃都还太钝了。</span></p><p data-track=\"118\" style=\"text-align: justify;\">我国在量子通信领域走的很靠前，现在距离最长的量子通信网络就在我国。<span>传输距离是限制量子通信的最大障碍了</span>，因为距离越长，光子在传输的过程中就越容易“退相干”。这是什么原因呢，要从薛定谔家的猫说起。</p><h1 class=\"pgc-h-arrow-right\" data-track=\"251\" style=\"text-align: justify;\">（十三）量子力学7：薛定谔的猫和量子隧穿</h1><p data-track=\"121\" style=\"text-align: justify;\"><span>你可能不知道量子力学是干嘛的，但你一定听说过“薛定谔的猫”</span>，它其实是薛定谔的一个思想实验，理解这个实验的关键有两点：一是要知道<span>这是薛定谔用来反对量子力学的</span>；二是要<span>搞清楚“不知道”和“不确定”之间的区别</span>。</p><p data-track=\"122\" style=\"text-align: justify;\">量子力学这玩意儿太诡异，以至于很多为量子力学奠基的科学家，都不同程度的反对量子力学，比如薛定谔，他说，一个粒子怎么可能处于两种状态的叠加态呢？</p><div class=\"pgc-img\" style=\"text-align: justify;\"><img src=\"https://p3-sign.toutiaoimg.com/tos-cn-i-qvj2lq49k0/c21e0799492543d99a013ccdd0c3dde3~noop.image?_iz=58558&amp;from=article.pc_detail&amp;x-expires=1670482475&amp;x-signature=xkSSlcqoEYQ1vR5rMfncKxXSDdc%3D\" img_width=\"720\" img_height=\"540\" image_type=\"1\" mime_type=\"image/jpeg\" web_uri=\"tos-cn-i-qvj2lq49k0/c21e0799492543d99a013ccdd0c3dde3\" class=\"syl-page-img\"><p class=\"pgc-img-caption\" style=\"text-align: center;\">薛定谔的猫</p></div><p data-track=\"127\" style=\"text-align: justify;\"><span>为了推翻不确定性，薛定谔给了思想实验：</span>假设有一个漆黑的盒子，里面放了一只猫，还放了一个处于既衰变、又不衰变的叠加态的粒子，这个粒子连接了一个毒气罐的开关，一旦粒子衰变，毒气就会释放然后把猫给毒死。</p><p data-track=\"128\" style=\"text-align: justify;\">问题来了，伴随着粒子衰变的不确定性，那么这只猫究竟是个什么状态呢？它是不是会跟随粒子一起，处于一个“既被毒死、又不会被毒死”的“不死不活”的一个叠加态呢？</p><p data-track=\"129\" style=\"text-align: justify;\"><span>薛定谔觉得啊，这就是个悖论，一只猫怎么可能处于不死不活的状态呢？</span>如果猫都有不确定性了，那么人呢？这个世界还是真实客观的吗？</p><p data-track=\"130\" style=\"text-align: justify;\">后来我们都知道了，<span>这个问题答案是“退相干”</span>。也就是说，猫确实是有叠加态的，不过这个叠加态不仅仅只包括那个粒子，还要把毒气、空气和猫自己等所有的东西都计算进去，而一旦这个叠加态被这么多东西干扰，它就会立刻表现出“退相干”，也就是立刻坍缩到一种确定的状态了。</p><p data-track=\"131\" style=\"text-align: justify;\">所以，<span>无论是否打开盒子，猫的“死活”都是一个客观存在的、确定的事情</span>。这句话很重要。<span>因为我们要理解“不知道”和“不确定”之间的区别。</span></p><p data-track=\"132\" style=\"text-align: justify;\">你没有打开盒子，就不知道猫的死活；你收到个快递，没打开之前，就不知道生鲜烂了没有；硬币没有落地，你不知道是人头还是字，<span>这个统统叫“不知道”，也就是你不确定结果是什么，但结果是确定的。</span></p>', 1, '2022-12-01 14:55:35', '前几天被同事安利《三体》，给我讲了很多里面的故事和科幻现象。不过我最感兴趣的是基础物理学的发展和现状，以及它究竟会往哪个方向发展，还能不能再突破了？实际上我们今天所看到的所有科技成果，都依赖过去几百年里人类对基础科学的不断突破，一旦这种突破停滞了，科技也就很难有大的进步了。今天这篇文章是个科普帖，我', 'http://localhost:8080/ArticleSystem/ArticleSystemImg/166987773184497987.jpg');
INSERT INTO `as_article` VALUES (595, 7, '36年前，一艘苏联核潜艇在百慕大附近沉没，携带的核弹头离奇消失了……', '<p style=\"text-align: justify;\">美国《大众机械》月刊网站10月4日刊登凯尔·沟上题为《还记得……一艘苏联核潜艇在百慕大附近海域沉没》的文章。全文摘编如下：</p><p style=\"text-align: justify;\">1986年的这一天，一艘苏联核潜艇在百慕大附近海域起火并沉没。</p><p style=\"text-align: justify;\">这艘潜艇的热核弹头和核反应堆随潜艇一起沉入海底。</p><p style=\"text-align: justify;\">尽管大多数核弹头和反应堆仍在那里，但其中一些核弹头——以及包含这些弹头的导弹——在两年后被认定失踪。</p><p style=\"text-align: justify;\">这起36年前发生在大西洋中部的事故是冷战期间最危险的海上事件之一。苏联海军K-219潜艇起火并最终沉没。雪上加霜的是这艘潜艇的热核弹头和核反应堆未能收回。如果未来不能取回，就有可能引发环境灾难。</p><p style=\"text-align: justify;\"><span>在百慕大附近海域沉没</span></p><p style=\"text-align: justify;\">1986年10月3日，K-219在百慕大岛东北大约600英里处游弋。这艘弹道导弹潜艇携带着装有核弹头的导弹，目的是把美国纳入射程范围内，这是苏联核威慑的组成部分。在离开苏联北方舰队的加吉耶沃潜艇基地1个月后，K-219正在进行发射演习，为未来可能在美国东部沿海发射装有核弹头的导弹做准备。</p><p style=\"text-align: justify;\">这艘苏联潜艇长420英尺（约合128米），宽38英尺，是身形细长、配备核武器的杀手。K-219的最大下潜深度为1029英尺，船员为120人左右。它由两座90兆瓦的OK-700核反应堆提供动力，可以在水下以27节的速度航行，除了食物和水的供应，它的航程不受任何限制。</p><p style=\"text-align: justify;\">K-219配备了大量武器：除了6个533毫米鱼雷发射管和18枚鱼雷，该潜艇还携带16枚R-27U潜射弹道导弹。每枚R-27U的射程为1900英里。其精准度以圆概率误差（CEP）衡量为1.2英里。这一相对较差的精准度需要一个强大到毁灭文明的弹头来加以弥补；因此，每枚导弹携带1枚爆炸当量为100万吨的热核弹头或3枚爆炸当量为20万吨的核弹头。要想说明K-219的破坏性火力，只要知道当年在日本广岛投下的原子弹爆炸当量只有1.6万吨至1.7万吨就可以了。</p><p style=\"text-align: justify;\"><span>长期威胁海洋生态</span></p><p style=\"text-align: justify;\">在1986年的那一天，K-219在马尾藻海潜行时，导弹燃料泄漏引发爆炸。在处理爆炸和火灾之后，船员们还被迫手动关闭了反应堆，这是核动力舰艇防止火灾破坏反应堆的标准程序。事故造成4名船员死亡（其中一人在关闭核反应堆时死亡），受伤的人更多，但数量不明。</p><p style=\"text-align: justify;\">人们为挽救这艘潜艇忙活了3天，最终决定由苏联商船“赤卫军城”号将其拖走。用于拖拽的缆绳突然断裂，K-219沉入1.8万英尺深的海底。在高层对话中，苏联官员说，他们认为船体会在水下2296英尺处内爆。</p><p style=\"text-align: justify;\">事故造成至少16枚热核弹头以及两座核反应堆被毁。时任苏联海军司令弗拉基米尔·切尔纳温海军上将向苏联领导层解释说，每个核弹头上的烈性炸药和钚都包含在金属球中，这些球体在咸水中会逐渐腐蚀，“腐蚀过程开启，这将导致放射性扩散”。但他说，放射性有限，无法抵达水面。切尔纳温还解释说，两座核反应堆也将腐蚀并溢出放射物质，但“这一过程非常缓慢需要几十年”。</p><p style=\"text-align: justify;\">向海洋释放有毒的钚会造成生态灾难，威胁到周边环境、鱼类资源，甚至附近的航道。钚的衰变非常缓慢，半衰期为2.4万年，这意味着2.4万年后，释放到海洋中的物质还会存留一半，继续污染环境。</p><p style=\"text-align: justify;\"><span>热核弹头离奇消失</span></p><p style=\"text-align: justify;\">美国政府很快意识到K-219的灾难，派出P-3C“猎户座”海上巡逻机监视营救潜艇的行动，甚至提供援助。但苏联领导层更担心美国有可能打捞这艘潜艇并掌握它的秘密。苏联最后一任领导人米哈伊尔·戈尔巴乔夫两次提到美国人打捞潜艇的可能性。戈尔巴乔夫和政治局显然知道“亚速尔计划”——中情局1974年在夏威夷附近海域秘密打捞苏联K-129导弹潜艇的行动。</p><p style=\"text-align: justify;\">事实证明，戈尔巴乔夫对美国人可能盗走潜艇上和导弹里部分零件的担心是正确的。《原子科学家公报》客座研究员斯蒂芬·施瓦茨说：“很少有人知道，两年后苏联的一艘研究船发现，在K-219沉入1.8万英尺深的海底之后，潜艇上的几枚弹道导弹——以及它们的热核弹头——不知为何被人取走了。难道美国不是秘密打捞了一艘，而是两艘苏联导弹潜艇吗？”</p><p style=\"text-align: justify;\">K-219事件不仅说明了核武器的危险，也说明了不小心使用核武器的危险。某一天某个人不得不下潜到大西洋表面之下1.8万英尺的地方，赶在反应堆和弹头因为腐蚀而释放有毒物质之前将它们取回。</p><p style=\"text-align: justify;\">如果这听起来令人头疼，那就设想一下在2.4万年的时间里面临比这更严重的问题吧——这一切都是因为冷战。</p><p><img src=\"https://p3-sign.toutiaoimg.com/tos-cn-i-tjoges91tu/TLpR2al9TtYAu1~noop.image?_iz=58558&amp;from=article.pc_detail&amp;x-expires=1670481920&amp;x-signature=OFoy1FBvQIXWP9OuPIsSU4DnbFg%3D\" img_width=\"600\" img_height=\"390\" image_type=\"1\" mime_type=\"image/jpeg\" web_uri=\"tos-cn-i-tjoges91tu/TLpR2al9TtYAu1\" class=\"syl-page-img\" style=\"text-align: justify;\"></p><p style=\"text-align: justify;\">图说：加里宁格勒市世界海洋博物馆馆藏的“B-413”潜艇 （新华社）</p><p style=\"text-align: justify;\">栏目主编：秦红 文字编辑：房颖 题图来源：新华社 图片编辑：苏唯</p>', 1, '2022-12-01 14:46:34', '美国《大众机械》月刊网站10月4日刊登凯尔·沟上题为《还记得……一艘苏联核潜艇在百慕大附近海域沉没》的文章。全文摘编如下：1986年的这一天，一艘苏联核潜艇在百慕大附近海域起火并沉没。这艘潜艇的热核弹头和核反应堆随潜艇一起沉入海底。尽管大多数核弹头和反应堆仍在那里，但其中一些核弹头——以及包含这些弹', 'http://localhost:8080/ArticleSystem/ArticleSystemImg/166987718882047014.jpg');
INSERT INTO `as_article` VALUES (596, 7, '网传恒大汽车员工今日起停工留职：为期三个月，直到明年2月28日', '<div class=\"pgc-img\" style=\"text-align: justify;\"><img src=\"https://p3-sign.toutiaoimg.com/tos-cn-i-qvj2lq49k0/5dccf409bc5a40a58aff83162169d4a7~noop.image?_iz=58558&amp;from=article.pc_detail&amp;x-expires=1670482026&amp;x-signature=A9jjbipIEd4E47LyGSRaH0tkPXc%3D\" img_width=\"641\" img_height=\"409\" image_type=\"1\" mime_type=\"image/jpeg\" web_uri=\"tos-cn-i-qvj2lq49k0/5dccf409bc5a40a58aff83162169d4a7\" class=\"syl-page-img\"><p class=\"pgc-img-caption\"></p></div><p data-track=\"2\" style=\"text-align: justify;\">Tech星球12月1日消息，今日，有汽车博主爆料称，恒大恒驰新能源员工“停工留职”，员工自今日起，迎来了横跨整个春节的“超长假期”，累计有90天之久。</p><p data-track=\"8\" style=\"text-align: justify;\">据悉，恒大恒驰新能源汽车科技（广东）发布公告称，公司出现严重经营困难，亟待管理优化调整，因为您所在的岗位一定时期内暂无工作，故办理停工留职。停工留职时间为2022年12月1日至2023年2月28日，为期三个月，后续将根据工作情况调整并告知。期间，若与其它单位建立劳动关系，须至少提前3个工作日提交书面辞职申请，否则视同为与公司自动接触劳动关系。</p><div class=\"pgc-img\" style=\"text-align: justify;\"><img src=\"https://p3-sign.toutiaoimg.com/tos-cn-i-qvj2lq49k0/231dee0d410848af984b02669e39fd1b~noop.image?_iz=58558&amp;from=article.pc_detail&amp;x-expires=1670482026&amp;x-signature=PFKSM2x4hpsVUUxh53sAlOoCSVQ%3D\" img_width=\"600\" img_height=\"1146\" image_type=\"1\" mime_type=\"image/jpeg\" web_uri=\"tos-cn-i-qvj2lq49k0/231dee0d410848af984b02669e39fd1b\" class=\"syl-page-img\"><p class=\"pgc-img-caption\"></p></div><p data-track=\"6\" style=\"text-align: justify;\">值得一提的是，此前有网友吐槽恒驰5存在多项质量问题的视频引发广泛关注。该视频博主称，恒驰5拿到手就出现了“BUG（漏洞）”，车机屏幕文字与文字间发生重叠，踩刹车还伴有异响，表显剩余12公里时车辆突然趴窝。同时在辅助驾驶方面，该博主表示“统统不能用”。类似的品控问题并不是孤例，还有视频博主称恒驰5存在座椅通风打不开，座椅加热关不了等问题。</p><p data-track=\"7\" style=\"text-align: justify;\">对此，恒驰汽车一名销售人员称目前在进行车机升级，升级完成后问题就会改善。对于辅助驾驶不能使用的问题，客服表示后续会进行OTA升级，预计时间需在官网查询。</p><p data-track=\"9\" style=\"text-align: justify;\">此前10月29日，恒驰汽车官方账号发文宣布，恒驰5正式开启交付，首批100位恒驰车主成功提车。</p><p data-track=\"13\" style=\"text-align: justify;\">据介绍，为全面保障车主权益，根据预订协议，首批车主在交车时付全款至天津市津滨公证处。目前，恒驰汽车服务网络已覆盖全国235个城市、313个网点，车主可享受整车终身质保、三电终身质保、终身免费保养等行业绝无仅有的用户权益。</p><p data-track=\"11\" style=\"text-align: justify;\">此外，恒驰汽车已在北京、天津、上海、广州、深圳、郑州、成都、重庆、海口等19个城市布局首批交付服务中心。首批100台交付后，后续批次车辆将陆续发往各地交付到车主手中。</p><div><br></div>', 1, '2022-12-01 14:48:47', 'Tech星球12月1日消息，今日，有汽车博主爆料称，恒大恒驰新能源员工“停工留职”，员工自今日起，迎来了横跨整个春节的“超长假期”，累计有90天之久。据悉，恒大恒驰新能源汽车科技（广东）发布公告称，公司出现严重经营困难，亟待管理优化调整，因为您所在的岗位一定时期内暂无工作，故办理停工留职。停工留职时', 'http://localhost:8080/ArticleSystem/ArticleSystemImg/166987732684999427.png');
INSERT INTO `as_article` VALUES (597, 7, '什么是大国智慧？看看瓦良格航母回国后，我们是怎么对待土耳其的', '<p data-track=\"1\" style=\"text-align: justify;\">2000年6月，我国购买的瓦良格号航母离开黑海造船厂准备回国，却意外地遭到土耳其的刁难。他们声称瓦良格号体型过大且没有动力，在通过博斯普鲁斯海峡时容易阻塞航道云云。两国为此展开了长达18个月的谈判，直到满足了一系列的条件之后土耳其才放行。时至今日，许多网友回忆这段往事仍然气愤填膺，希望国家能好好教训一下这个忘恩负义的家伙。然而，事实上两国关系经过这件事情之后，似乎更加密切了，仅从经贸往来上就可以看出来。</p><div class=\"pgc-img\" style=\"text-align: justify;\"><img src=\"https://p3-sign.toutiaoimg.com/tos-cn-i-qvj2lq49k0/c48a555f3a4b437389e5e61ca9948b86~noop.image?_iz=58558&amp;from=article.pc_detail&amp;x-expires=1670482175&amp;x-signature=InoR3sSBn0rYcvT13mo2I%2BPoC%2FU%3D\" img_width=\"1000\" img_height=\"672\" image_type=\"1\" mime_type=\"image/jpeg\" web_uri=\"tos-cn-i-qvj2lq49k0/c48a555f3a4b437389e5e61ca9948b86\" class=\"syl-page-img\"><p class=\"pgc-img-caption\"></p></div><p data-track=\"4\" style=\"text-align: justify;\">【从这个图上看，所谓的阻塞航道完全是无稽之谈】</p><p data-track=\"5\" style=\"text-align: justify;\">中土两国于1971年8月建交，两个月后，中国就派出一个代表团赴土耳其，就开展双边贸易一事进行磋商。按照伟人的划分，土耳其亦属于第三世界国家，和中国是一对“穷哥们儿”，理应互相帮助。</p><p data-track=\"6\" style=\"text-align: justify;\">土耳其突然拥有了一个如此巨大的贸易伙伴，当然是喜出望外，第一年两国的贸易总额就达到5000万美元。而这种贸易，我们很多时候是带着援助性质的。如我国当时棉花产量早就稳居世界第二，但仍坚持从土耳其进口棉花，纯粹是给他变相输血。</p><div class=\"pgc-img\" style=\"text-align: justify;\"><img src=\"https://p3-sign.toutiaoimg.com/tos-cn-i-qvj2lq49k0/59c257ca4f8c41fd93678817f1704ce2~noop.image?_iz=58558&amp;from=article.pc_detail&amp;x-expires=1670482175&amp;x-signature=9qMTYK%2BBWwPY%2BqAf1vmwvP6W1Jo%3D\" img_width=\"1200\" img_height=\"800\" image_type=\"1\" mime_type=\"image/png\" web_uri=\"tos-cn-i-qvj2lq49k0/59c257ca4f8c41fd93678817f1704ce2\" class=\"syl-page-img\"><p class=\"pgc-img-caption\"></p></div><p data-track=\"9\" style=\"text-align: justify;\">这种变相输血一直持续了29年，直到1998年亚洲金融危机才暂时停止。但土耳其却不管那么多，立刻和我们翻脸了。当瓦良格号航母想通过博斯普鲁斯海峡回国时，就受到了土耳其的百般刁难。</p><p data-track=\"10\" style=\"text-align: justify;\">他们以瓦良格号航母体型庞大且没有动力，容易阻塞航道为由，不让瓦良格号从此经过，瓦良格号因此无法驶出黑海。双方于是进行了长达18个月的艰难谈判。</p><p data-track=\"11\" style=\"text-align: justify;\">今天网友们都说当年瓦良格号航母过境时，土耳其要收我们10亿美元过路费，这个说法其实不准确。而且这也只是土耳其提出的“二十一条”中的一条。当时土耳其提出的要求是中国为这次航母过境开具两年期10亿美元的保函，而不是直接交10亿美元的过路费。</p><div class=\"pgc-img\" style=\"text-align: justify;\"><img src=\"https://p3-sign.toutiaoimg.com/tos-cn-i-qvj2lq49k0/b35482b4fc8e43fca3b324661aa234e7~noop.image?_iz=58558&amp;from=article.pc_detail&amp;x-expires=1670482175&amp;x-signature=vza8ZDuHbRSP4XRJLupbkN91Qvc%3D\" img_width=\"1088\" img_height=\"726\" image_type=\"1\" mime_type=\"image/jpeg\" web_uri=\"tos-cn-i-qvj2lq49k0/b35482b4fc8e43fca3b324661aa234e7\" class=\"syl-page-img\"><p class=\"pgc-img-caption\"></p></div><p data-track=\"14\" style=\"text-align: justify;\">【土耳其仿制的我国远程火箭炮】</p><p data-track=\"15\" style=\"text-align: justify;\">只是这个保函不能由中国的银行开具，只能由土耳其的银行开具，但中方必须存10亿美元到土耳其的银行中。虽然两年到期后，这10亿美元会如数退回，但由此发生的各项费用将多达3300万美元。我国买瓦良格号才花了2000万美元，现在手续费就要交3300万美元，而且10亿美元的外汇要白白被人占用两年，我国当然是不同意。</p><p data-track=\"16\" style=\"text-align: justify;\">除此之外，土耳其还提出了将土耳其列为中国公民的旅游目的地，并保证每年至少200万人次的游客、出口卫士-1型火箭炮技术和B611战术导弹技术、雇佣16艘土籍拖船等一系列条件。</p><div class=\"pgc-img\" style=\"text-align: justify;\"><img src=\"https://p3-sign.toutiaoimg.com/tos-cn-i-qvj2lq49k0/fa63b1f15123464ea16180d3999bda5e~noop.image?_iz=58558&amp;from=article.pc_detail&amp;x-expires=1670482175&amp;x-signature=NRkZHDBpF4MRKOy9%2BtJpVLQ5Wbg%3D\" img_width=\"1280\" img_height=\"976\" image_type=\"1\" mime_type=\"image/jpeg\" web_uri=\"tos-cn-i-qvj2lq49k0/fa63b1f15123464ea16180d3999bda5e\" class=\"syl-page-img\"><p class=\"pgc-img-caption\"></p></div><p data-track=\"19\" style=\"text-align: justify;\">在国人眼里，这简直是趁火打劫。但为了圆我们的航母梦，有些条件我们只能捏着鼻子认了下来，有些则在其他国家的帮助下予以免除。最终双方终于达成一致，瓦良格号又开启了回国之路，前后历时123天，航程15200公里，于2002年3月回到祖国的怀抱。如果算上被土耳其刁难的时间，整个过程共历时639天。</p><p data-track=\"20\" style=\"text-align: justify;\">有人以为经过这件事情之后，两国的关系会降到冰点，毕竟趁火打劫、坐地起价这是小人的行为。但事实上，两国的关系非但没有降温，反而有越来越密切的迹象，这从双边贸易的数字上就可以看得出来。</p><p data-track=\"21\" style=\"text-align: justify;\">2000年，两国的贸易总额仅有14亿美元，到2021年两国双边贸易额为633亿美元，短短20年间增长了45倍之多。我国也从土耳其第十四大贸易伙伴一跃成为第二大贸易伙伴。此外，我国还在运输、能源、轻工业等领域向土耳其提供低息贷款，帮助其国内经济发展。</p><div class=\"pgc-img\" style=\"text-align: justify;\"><img src=\"https://p3-sign.toutiaoimg.com/tos-cn-i-qvj2lq49k0/d1a7fbca4729452cb17ea7ff436a2b1e~noop.image?_iz=58558&amp;from=article.pc_detail&amp;x-expires=1670482175&amp;x-signature=VRl5ebFe83DElPDjhgl4SkWqHPE%3D\" img_width=\"1024\" img_height=\"718\" image_type=\"1\" mime_type=\"image/jpeg\" web_uri=\"tos-cn-i-qvj2lq49k0/d1a7fbca4729452cb17ea7ff436a2b1e\" class=\"syl-page-img\"><p class=\"pgc-img-caption\"></p></div><p data-track=\"24\" style=\"text-align: justify;\">【土耳其的地缘位置很重要】</p><p data-track=\"25\" style=\"text-align: justify;\">为什么会出现这种结果？这不是以德报怨吗？事实虽是如此，但国与国的关系毕竟不是那么简单的，要考虑的因素很多，瓦良格号事件给我们提了个醒，那就是土耳其的地缘位置很重要，我们对土耳其的影响力很有限。</p><p data-track=\"26\" style=\"text-align: justify;\">土耳其是亚欧大陆的重要枢纽。陆路向西可进入欧洲，向北可进至东欧和中亚五国，海上战略位置更是无可替代。这样的地缘优势可以作为助力，而不宜反目成仇。</p><p data-track=\"27\" style=\"text-align: justify;\">土耳其敢在航母过境中刁难我国，说明我们对他们的影响力有限，在国际上话语权不够，这恰恰给我们提了个醒。我们只有更多地参与他们的经济生活，让其国内经济对我们产生依赖性，他才会重视我们的利益，才会想办法维持这种环境而不是去破坏这种环境。</p><p data-track=\"28\" style=\"text-align: justify;\">在国际交往中，大国要有大国的使命和担当，要有应对各种挑战的勇气和能力，普通人可以讨厌他，但国家不能意气用事，一味地喊打喊杀解决不了问题。</p>', 1, '2022-12-01 14:50:37', '2000年6月，我国购买的瓦良格号航母离开黑海造船厂准备回国，却意外地遭到土耳其的刁难。他们声称瓦良格号体型过大且没有动力，在通过博斯普鲁斯海峡时容易阻塞航道云云。两国为此展开了长达18个月的谈判，直到满足了一系列的条件之后土耳其才放行。时至今日，许多网友回忆这段往事仍然气愤填膺，希望国家能好好教训', 'http://localhost:8080/ArticleSystem/ArticleSystemImg/166987743411043266.png');
INSERT INTO `as_article` VALUES (598, 7, 'ThinkBook 14+锐龙版测评 这是2022年高性能轻薄全能本的新标杆', '<p data-track=\"86\" style=\"text-align: justify;\">ThinkBook 14+/16+上市已经有一段时间了，这是一篇姗姗来迟的测评，之前有自己购买ThinkBook 16+酷睿独显版，并分享了使用体验。而今天要带来的是ThinkBook 14+的锐龙独显版本使用心得。接触ThinkBook 产品已经有一段时间了，从2020年的ThinkBook 14s到21年的ThinkBook 14、ThinkBook 14p，ThinkBook系列笔记本给我的最大感受就是时尚又商务、方便实用、性价比高，双色A面撞色的设计很有物色。而2022年的ThinkBook 14+/16+自从上市以来，表现一直很抢眼，在市场中是超一流的存在，直接成为轻薄笔记本中的标杆机型，爆款机型。</p><div class=\"pgc-img\" style=\"text-align: justify;\"><img src=\"https://p3-sign.toutiaoimg.com/tos-cn-i-qvj2lq49k0/72d162c9a75a4c54841b29e493c97ca1~noop.image?_iz=58558&amp;from=article.pc_detail&amp;x-expires=1670482303&amp;x-signature=PkjLFclEM2%2Fp8iiuQ6Chanh1gug%3D\" img_width=\"1440\" img_height=\"912\" image_type=\"1\" mime_type=\"image/jpeg\" web_uri=\"tos-cn-i-qvj2lq49k0/72d162c9a75a4c54841b29e493c97ca1\" class=\"syl-page-img\"><p class=\"pgc-img-caption\"></p></div><h1 class=\"pgc-h-arrow-right\" data-track=\"88\" style=\"text-align: justify;\">ThinkBook 14+锐龙版的主要配置：</h1><ul style=\"text-align: justify;\"><li data-track=\"89\"><span>CPU：AMD 6000系标压R5-6600H和R7-6800H处理器，54W的CPU性能释放。</span></li><li data-track=\"90\"><span>GPU：核显，最高搭载RTX2050独显。60W的整机性能。</span></li><li data-track=\"91\"><span>内存：16GB LPDDR5板载内存。可选32G大内存版本。</span></li><li data-track=\"92\"><span>固态：512GB PCIe4.0固态硬盘，双硬盘位。</span></li><li data-track=\"93\"><span>屏幕：14英寸16：10的2.8K分辨率高色域，400nits亮度，90Hz刷新率。</span></li><li data-track=\"94\"><span>机身：三面金属材质，15.9mm厚，1.4Kg重。</span></li><li data-track=\"95\"><span>机身接口：两个全功能C USB 3.2 Gen2(10Gb/s)，双USB 3.2 Gen1，USB 2.0(隐藏式)，HDMI 2.1 TMDS ，RJ45网线插孔， Micro SD读卡器，耳机孔。</span></li><li data-track=\"96\"><span>其它：62Wh的电池，支持PD充电，1080P摄像头，有物理开关。支持人脸识别。</span></li><li data-track=\"97\"><span>有通过</span><span><span>基于MIL-STD-810H标准的12大项（包含25子项）严苛对照测试，面对多种严酷环境依然运行稳定</span></span><span>。这是拿ThinkPad抗操的标准来打造ThinkBook全民生产力工具。</span></li></ul><div class=\"pgc-img\" style=\"text-align: justify;\"><img src=\"https://p3-sign.toutiaoimg.com/tos-cn-i-qvj2lq49k0/533aa6b821d54a27898609faffa5e2df~noop.image?_iz=58558&amp;from=article.pc_detail&amp;x-expires=1670482303&amp;x-signature=iZvbZ47w1L028wcWpZSCxDQBasg%3D\" img_width=\"1440\" img_height=\"1054\" image_type=\"1\" mime_type=\"image/jpeg\" web_uri=\"tos-cn-i-qvj2lq49k0/533aa6b821d54a27898609faffa5e2df\" class=\"syl-page-img\"><p class=\"pgc-img-caption\"></p></div><h1 class=\"pgc-h-arrow-right\" data-track=\"98\" style=\"text-align: justify;\">外观及硬件介绍：</h1><p data-track=\"99\" style=\"text-align: justify;\"><span>ThinkBook 14+的机身采用全金属机身，整体相当漂亮，A面采用ThinkBook标志性的双色撞色设计，撞色带来的视觉冲击力更强，整体极具个性，有辨识度，在茫茫机海中，一眼就能看到ThinkBook与众不同的外观。同时ThinkBook 14+的机身也很简约时尚，符合年轻用户的审美，整个机身外观是苍岩灰主配色，在灯光不同的时候，机身表面呈现的颜色也不同，没有多余的元素，表面有采用喷砂工艺处理，摸上去，手感极佳。整体机身1.4Kg重量，薄至15.9mm，很方便随身携带。做工优良，各接口处衔接处理得很好，完全没有划手感。</span></p><div class=\"pgc-img\" style=\"text-align: justify;\"><img src=\"https://p3-sign.toutiaoimg.com/tos-cn-i-qvj2lq49k0/a7a1f52a96124d6c82cac3798c98a1b0~noop.image?_iz=58558&amp;from=article.pc_detail&amp;x-expires=1670482303&amp;x-signature=G5NqQhb74QI0%2FRsHBS3m4ISlouw%3D\" img_width=\"1440\" img_height=\"1005\" image_type=\"1\" mime_type=\"image/jpeg\" web_uri=\"tos-cn-i-qvj2lq49k0/a7a1f52a96124d6c82cac3798c98a1b0\" class=\"syl-page-img\"><p class=\"pgc-img-caption\"></p></div><div class=\"pgc-img\" style=\"text-align: justify;\"><img src=\"https://p3-sign.toutiaoimg.com/tos-cn-i-qvj2lq49k0/d42eca0f7ab34307b0312e28e687a9bc~noop.image?_iz=58558&amp;from=article.pc_detail&amp;x-expires=1670482303&amp;x-signature=OSgQVDXqjZSQ6zPN4dD3MmSROyo%3D\" img_width=\"1440\" img_height=\"1074\" image_type=\"1\" mime_type=\"image/jpeg\" web_uri=\"tos-cn-i-qvj2lq49k0/d42eca0f7ab34307b0312e28e687a9bc\" class=\"syl-page-img\"><p class=\"pgc-img-caption\"></p></div><div class=\"pgc-img\" style=\"text-align: justify;\"><img src=\"https://p3-sign.toutiaoimg.com/tos-cn-i-qvj2lq49k0/39f8dc4fa60649cc97f4a167acab2c96~noop.image?_iz=58558&amp;from=article.pc_detail&amp;x-expires=1670482303&amp;x-signature=A2BMv9%2FWJdDgx15nctud7j63r04%3D\" img_width=\"1440\" img_height=\"1081\" image_type=\"1\" mime_type=\"image/jpeg\" web_uri=\"tos-cn-i-qvj2lq49k0/39f8dc4fa60649cc97f4a167acab2c96\" class=\"syl-page-img\"><p class=\"pgc-img-caption\"></p></div><p data-track=\"100\" style=\"text-align: justify;\"><span>ThinkBook主打的是时尚商务高性能，丰富的机身接口成为ThinkBook笔记本的一大亮点。ThinkBook 14+的机身接口是真大满贯。毫不夸张的说，ThinkBook 14+是14英寸轻薄笔记本中，接口最丰富实用的。</span></p><div class=\"pgc-img\" style=\"text-align: justify;\"><img src=\"https://p3-sign.toutiaoimg.com/tos-cn-i-qvj2lq49k0/073e8835ae704c138f7a122582b967b3~noop.image?_iz=58558&amp;from=article.pc_detail&amp;x-expires=1670482303&amp;x-signature=jLGm5q80q77QjPsaX48FpPuyUjQ%3D\" img_width=\"1440\" img_height=\"912\" image_type=\"1\" mime_type=\"image/jpeg\" web_uri=\"tos-cn-i-qvj2lq49k0/073e8835ae704c138f7a122582b967b3\" class=\"syl-page-img\"><p class=\"pgc-img-caption\"></p></div><div class=\"pgc-img\" style=\"text-align: justify;\"><img src=\"https://p3-sign.toutiaoimg.com/tos-cn-i-qvj2lq49k0/19bcfead2c76454ea9a9f8138da3c8da~noop.image?_iz=58558&amp;from=article.pc_detail&amp;x-expires=1670482303&amp;x-signature=fZDGGuXuPHqSFN54r80eWXARozA%3D\" img_width=\"1440\" img_height=\"855\" image_type=\"1\" mime_type=\"image/jpeg\" web_uri=\"tos-cn-i-qvj2lq49k0/19bcfead2c76454ea9a9f8138da3c8da\" class=\"syl-page-img\"><p class=\"pgc-img-caption\"></p></div><p data-track=\"102\" style=\"text-align: justify;\"><span>值得注意的是，ThinkBook 14+的机身右侧有一个隐藏式的USB 2.0接口。打开这个隐藏试的USB接口活动盖，里面空间比想象的要大，足够放下无线鼠标的接收器，插入一个miniU盘也没问题。主要是合上这个小盖子，在把电脑装包时，不会被挂到，是一个比较实用的小设计。</span></p><div class=\"pgc-img\" style=\"text-align: justify;\"><img src=\"https://p3-sign.toutiaoimg.com/tos-cn-i-qvj2lq49k0/2dc558ee256c4c6a8448256879820d23~noop.image?_iz=58558&amp;from=article.pc_detail&amp;x-expires=1670482303&amp;x-signature=pAwdc3H%2BG9hlG4nEDQvOea0CRVI%3D\" img_width=\"1440\" img_height=\"845\" image_type=\"1\" mime_type=\"image/jpeg\" web_uri=\"tos-cn-i-qvj2lq49k0/2dc558ee256c4c6a8448256879820d23\" class=\"syl-page-img\"><p class=\"pgc-img-caption\"></p></div><p data-track=\"103\" style=\"text-align: justify;\"><span>B面采用四边窄边框屏幕，拥有16：10的黄金屏幕纵横比例，可视面积比16：9的要更大。屏幕是2.8K高分辨率，90Hz刷新率，400尼特高亮屏，100% sRGB色域，90%的屏占比。通过德国莱茵TÜV硬件低蓝光认证和TÜV EyeSafe护眼认证，能够有效降低部分有害蓝光，呵护你的双眼。支持DC调光。整体色彩显示效果很好，还原度很高，雾面屏幕更加护眼，长时间看屏幕，视觉疲劳比镜面屏幕要好很多。</span></p><div class=\"pgc-img\" style=\"text-align: justify;\"><img src=\"https://p3-sign.toutiaoimg.com/tos-cn-i-qvj2lq49k0/7b2369e5aaff4e7381badee099320d55~noop.image?_iz=58558&amp;from=article.pc_detail&amp;x-expires=1670482303&amp;x-signature=pldMYsI2QDqCb2lSc7Ht6foTVr8%3D\" img_width=\"1440\" img_height=\"1230\" image_type=\"1\" mime_type=\"image/jpeg\" web_uri=\"tos-cn-i-qvj2lq49k0/7b2369e5aaff4e7381badee099320d55\" class=\"syl-page-img\"><p class=\"pgc-img-caption\"></p></div><div class=\"pgc-img\" style=\"text-align: justify;\"><img src=\"https://p3-sign.toutiaoimg.com/tos-cn-i-qvj2lq49k0/22ca987c93e0404a8de7fd402dd260c6~noop.image?_iz=58558&amp;from=article.pc_detail&amp;x-expires=1670482303&amp;x-signature=wAtpbCC7z2%2BowNv6ZeOxMhe5FGc%3D\" img_width=\"1440\" img_height=\"1212\" image_type=\"1\" mime_type=\"image/jpeg\" web_uri=\"tos-cn-i-qvj2lq49k0/22ca987c93e0404a8de7fd402dd260c6\" class=\"syl-page-img\"><p class=\"pgc-img-caption\"></p></div><p data-track=\"105\" style=\"text-align: justify;\"><span>屏幕支持180度开合，当用屏幕讲解时，可以多人一起共享屏幕画面。并且支持单手开合，单手开合的松紧很适中，支持任意角度停留。C面采用大尺寸的触控板，在触控板四边有采用钻石切割工艺处理。</span></p><div class=\"pgc-img\" style=\"text-align: justify;\"><img src=\"https://p3-sign.toutiaoimg.com/tos-cn-i-qvj2lq49k0/2a76233db61e4dae9dc930ff1c8ab382~noop.image?_iz=58558&amp;from=article.pc_detail&amp;x-expires=1670482303&amp;x-signature=ZISnvvaM3kC9JrARA%2BuyAhvgGQY%3D\" img_width=\"1440\" img_height=\"1057\" image_type=\"1\" mime_type=\"image/jpeg\" web_uri=\"tos-cn-i-qvj2lq49k0/2a76233db61e4dae9dc930ff1c8ab382\" class=\"syl-page-img\"><p class=\"pgc-img-caption\"></p></div><p data-track=\"106\" style=\"text-align: justify;\">B面顶部是1080P摄像头，有物理开关，能保护隐私安全，配合IR摄像头，支持人脸识别，顶部位置还有双阵列麦克风。</p><div class=\"pgc-img\" style=\"text-align: justify;\"><img src=\"https://p3-sign.toutiaoimg.com/tos-cn-i-qvj2lq49k0/113fb9bd0e6848a98e949c1d153df5b4~noop.image?_iz=58558&amp;from=article.pc_detail&amp;x-expires=1670482303&amp;x-signature=5Rw%2BegH1MuIadgFqgpUwE4OLkRs%3D\" img_width=\"1440\" img_height=\"932\" image_type=\"1\" mime_type=\"image/jpeg\" web_uri=\"tos-cn-i-qvj2lq49k0/113fb9bd0e6848a98e949c1d153df5b4\" class=\"syl-page-img\"><p class=\"pgc-img-caption\"></p></div><p data-track=\"107\" style=\"text-align: justify;\"><span>在方便开合方面，ThinkBook 14+采用凸流海设计风格，即从A面看上去是平的，没有任何凸起，在摄像头位置微微凸起，此位置刚好放置摄像头，这样的好处是可以做到屏幕上边框更窄，与其它品牌在键盘触控板下方挖走一块的尴尬设计相比，我认为联想的设计更合理，其它个别品牌在触控板下面挖走一块，会减小触控板面积，且上方摄像头位置要预留空间，屏幕上边框也更大。有某品牌在2022年的新款笔记本上也模仿了联想凸刘海的设计语言。ThinkBook 14+在刘海位置的边缘还印有ThinkBook 的标识。</span></p><div class=\"pgc-img\" style=\"text-align: justify;\"><img src=\"https://p3-sign.toutiaoimg.com/tos-cn-i-qvj2lq49k0/02276e43edcd454e843abd47a7f96643~noop.image?_iz=58558&amp;from=article.pc_detail&amp;x-expires=1670482303&amp;x-signature=n55dLscCew7TJpgpGy2GQT1xu1w%3D\" img_width=\"1440\" img_height=\"508\" image_type=\"1\" mime_type=\"image/jpeg\" web_uri=\"tos-cn-i-qvj2lq49k0/02276e43edcd454e843abd47a7f96643\" class=\"syl-page-img\"><p class=\"pgc-img-caption\"></p></div><p data-track=\"108\" style=\"text-align: justify;\"><span>ThinkBook 14+的D壳设计也很得体，大面积的出风口，双杜比全景声扬声器在侧边倾斜位置，有有效避免声音受到干扰。大大的长方形缓冲垫和两个小缓冲垫，上面也有ThinkBook 的logo。在D面也有一个小孔，这是一键还原小孔。</span></p><div class=\"pgc-img\" style=\"text-align: justify;\"><img src=\"https://p3-sign.toutiaoimg.com/tos-cn-i-qvj2lq49k0/8dc58eb79e3f497aacf3558eea9328b0~noop.image?_iz=58558&amp;from=article.pc_detail&amp;x-expires=1670482303&amp;x-signature=BOwwuwFvLQVOIQMLCiGybGhY37I%3D\" img_width=\"1440\" img_height=\"1000\" image_type=\"1\" mime_type=\"image/jpeg\" web_uri=\"tos-cn-i-qvj2lq49k0/8dc58eb79e3f497aacf3558eea9328b0\" class=\"syl-page-img\"><p class=\"pgc-img-caption\"></p></div><h1 class=\"pgc-h-arrow-right\" data-track=\"109\" style=\"text-align: justify;\">简单拆机</h1><p data-track=\"110\" style=\"text-align: justify;\"><span>介绍完外观，顺便对ThinkBook 14+进行了简单的拆机，目的是看看内部做工。ThinkBook 14+的拆机我认为说简单也简单，说复杂也复杂。主要是多了一个隐藏式的USB接口，接口两边需要两次撬开。后壳共九颗螺丝，其中靠近转轴的三颗是连着后壳的，其它六颗是可以完全拆下来。</span></p><p data-track=\"111\" style=\"text-align: justify;\"><span>作为一线品牌，ThinkBook 14+的内部做工还是相当不错的，主板设计比较合理，很紧促。下面大大的电池，双硬盘位，值得表扬的是，</span><span><span>ThinkBook 14+锐龙版的两个硬盘位都是PCIe4.0的，之前英特尔版预留的是3.0，锐龙版有改进。特意拆了自带硬盘看了，确认两个都是PCIe4.0，并且自带硬盘是三星</span></span><span>。双风扇双热管散热，机身接口，双扬声器齐备。</span></p><div class=\"pgc-img\" style=\"text-align: justify;\"><img src=\"https://p3-sign.toutiaoimg.com/tos-cn-i-qvj2lq49k0/f33d53603e5f4ef7b210e7002172b464~noop.image?_iz=58558&amp;from=article.pc_detail&amp;x-expires=1670482303&amp;x-signature=Fh%2F3i5oPtimdrtjLKXTFucLCtiE%3D\" img_width=\"1440\" img_height=\"1092\" image_type=\"1\" mime_type=\"image/jpeg\" web_uri=\"tos-cn-i-qvj2lq49k0/f33d53603e5f4ef7b210e7002172b464\" class=\"syl-page-img\"><p class=\"pgc-img-caption\"></p></div><div class=\"pgc-img\" style=\"text-align: justify;\"><img src=\"https://p3-sign.toutiaoimg.com/tos-cn-i-qvj2lq49k0/879d5fea38ef4b49a549c1095de7274d~noop.image?_iz=58558&amp;from=article.pc_detail&amp;x-expires=1670482303&amp;x-signature=S35HQxtnkK1WDNeXablwyYgCbb8%3D\" img_width=\"1440\" img_height=\"1093\" image_type=\"1\" mime_type=\"image/jpeg\" web_uri=\"tos-cn-i-qvj2lq49k0/879d5fea38ef4b49a549c1095de7274d\" class=\"syl-page-img\"><p class=\"pgc-img-caption\"></p></div><h1 class=\"pgc-h-arrow-right\" data-track=\"112\" style=\"text-align: justify;\">屏幕测试：</h1><p data-track=\"113\" style=\"text-align: justify;\"><span>ThinkBook 14+之所以在上市后持续受欢迎，是因为其屏幕比较出色。用简单的小工具对这块屏幕的色域进行了检测，这块屏幕可达到78%NTSC色域，108%sRGB色域，色域覆盖是比较理想的。</span></p><div class=\"pgc-img\" style=\"text-align: justify;\"><img src=\"https://p3-sign.toutiaoimg.com/tos-cn-i-qvj2lq49k0/8cefbacf6af54899b4d1d8aa16ac1c39~noop.image?_iz=58558&amp;from=article.pc_detail&amp;x-expires=1670482303&amp;x-signature=qQZQ8BezqfCaJT7OggxO9ScjpFk%3D\" img_width=\"1440\" img_height=\"820\" image_type=\"1\" mime_type=\"image/jpeg\" web_uri=\"tos-cn-i-qvj2lq49k0/8cefbacf6af54899b4d1d8aa16ac1c39\" class=\"syl-page-img\"><p class=\"pgc-img-caption\"></p></div><h1 class=\"pgc-h-arrow-right\" data-track=\"114\" style=\"text-align: justify;\">性能测试：</h1><p data-track=\"115\" style=\"text-align: justify;\"><span>ThinkBook 14+在2022年综合表现突出的另一个关键就是性能。话不多说，接下来进行性能测试。</span></p><h1 class=\"pgc-h-arrow-right\" data-track=\"101\" style=\"text-align: justify;\">CPU-Z</h1><p data-track=\"116\" style=\"text-align: justify;\"><span>ThinkBook 14+是一台高性能的小屏幕轻薄本，采用标压处理器。锐龙版本搭载AMD 6000系标压器。手中的这台搭载R7-6800H处理器。这是一枚拥有高能效的处理器，8核心16线程，采用6nm工艺制程，Zen3+架构，基准频率3.2GHz，最高频率4.7GHz。标准功耗是45W。用CPU-Z对这枚CPU进行了简单的跑分，单核跑分532分，多核跑分5485分。</span></p><div class=\"pgc-img\" style=\"text-align: justify;\"><img src=\"https://p3-sign.toutiaoimg.com/tos-cn-i-qvj2lq49k0/e9ea273bf6794ad8b0676bcee6874287~noop.image?_iz=58558&amp;from=article.pc_detail&amp;x-expires=1670482303&amp;x-signature=dREUZm%2BCJ1RLAi4kwCvYkDXoUdQ%3D\" img_width=\"1440\" img_height=\"734\" image_type=\"1\" mime_type=\"image/jpeg\" web_uri=\"tos-cn-i-qvj2lq49k0/e9ea273bf6794ad8b0676bcee6874287\" class=\"syl-page-img\"><p class=\"pgc-img-caption\"></p></div><h1 class=\"pgc-h-arrow-right\" data-track=\"117\" style=\"text-align: justify;\">GPU-Z</h1><p data-track=\"118\" style=\"text-align: justify;\"><span>ThinkBook 14+锐龙版本的显卡也是一大亮点，产自是处理器自带的680m核显，基于RDNA 2架构，配合LPDDR5-6400MHz的高频率内存，核显性能也能超过MX570独显。ThinkBook 14+锐龙版的独显版本搭载NVIDIA GeFore RTX2050独立显卡。拥有2048个CUDA核心，20个光追单元，4GB的GDDR6显存。支持实时光线追踪、DLSS，可以说RTX2050是一款真正实用型的全能显卡，在轻薄笔记本上使用是相当合适的，即保障了性能，又有效缓解发了发热。</span></p><div class=\"pgc-img\" style=\"text-align: justify;\"><img src=\"https://p3-sign.toutiaoimg.com/tos-cn-i-qvj2lq49k0/63029c49e1584fcb9aacd0677f4d0353~noop.image?_iz=58558&amp;from=article.pc_detail&amp;x-expires=1670482303&amp;x-signature=CAWlfYvAtjDVRNQUoi8eGsPLbds%3D\" img_width=\"1440\" img_height=\"953\" image_type=\"1\" mime_type=\"image/jpeg\" web_uri=\"tos-cn-i-qvj2lq49k0/63029c49e1584fcb9aacd0677f4d0353\" class=\"syl-page-img\"><p class=\"pgc-img-caption\"></p></div><h1 class=\"pgc-h-arrow-right\" data-track=\"119\" style=\"text-align: justify;\">R15、R20、R23</h1><h1 class=\"pgc-h-arrow-right\" data-track=\"119\" style=\"text-align: justify;\">接下来用R15进行测试，CPU跑分2038分，OpenGL跑分163fps。</h1><div class=\"pgc-img\" style=\"text-align: justify;\"><img src=\"https://p3-sign.toutiaoimg.com/tos-cn-i-qvj2lq49k0/2c25a8978c624882b4f6883d9b00298c~noop.image?_iz=58558&amp;from=article.pc_detail&amp;x-expires=1670482303&amp;x-signature=TvNuNVmrZyRvsErU9h7ncPr09Tc%3D\" img_width=\"612\" img_height=\"1604\" image_type=\"1\" mime_type=\"image/jpeg\" web_uri=\"tos-cn-i-qvj2lq49k0/2c25a8978c624882b4f6883d9b00298c\" class=\"syl-page-img\"><p class=\"pgc-img-caption\"></p></div><p data-track=\"120\" style=\"text-align: justify;\"><span>接下来用R20进行测试，CPU跑分4889分。</span></p><div class=\"pgc-img\" style=\"text-align: justify;\"><img src=\"https://p3-sign.toutiaoimg.com/tos-cn-i-qvj2lq49k0/8aae0fce93014ea4826e65053607c2b5~noop.image?_iz=58558&amp;from=article.pc_detail&amp;x-expires=1670482303&amp;x-signature=tqqitRGpQh0CsQvUuefZUBIc4AE%3D\" img_width=\"718\" img_height=\"1572\" image_type=\"1\" mime_type=\"image/jpeg\" web_uri=\"tos-cn-i-qvj2lq49k0/8aae0fce93014ea4826e65053607c2b5\" class=\"syl-page-img\"><p class=\"pgc-img-caption\"></p></div><p data-track=\"121\" style=\"text-align: justify;\"><span>接下来用R23进行测试，CPU单核跑分1422分，多核跑分11901分。</span></p><div class=\"pgc-img\" style=\"text-align: justify;\"><img src=\"https://p3-sign.toutiaoimg.com/tos-cn-i-qvj2lq49k0/326e9a07c0294587a02b143006f5ce0b~noop.image?_iz=58558&amp;from=article.pc_detail&amp;x-expires=1670482303&amp;x-signature=JY9tf8LY52nwqImn%2BsaGtRom5fU%3D\" img_width=\"713\" img_height=\"1563\" image_type=\"1\" mime_type=\"image/jpeg\" web_uri=\"tos-cn-i-qvj2lq49k0/326e9a07c0294587a02b143006f5ce0b\" class=\"syl-page-img\"><p class=\"pgc-img-caption\"></p></div><h1 class=\"pgc-h-arrow-right\" data-track=\"122\" style=\"text-align: justify;\">PC MARK 10</h1><p data-track=\"123\" style=\"text-align: justify;\"><span>接下来用PC MARK 10对ThinkBook 14+的处理器进行测试。综合得分6323分。常用基本功能得分9327，生产力得分8824，内容创作分8336，总体还是相当不错的。</span></p><div class=\"pgc-img\" style=\"text-align: justify;\"><img src=\"https://p3-sign.toutiaoimg.com/tos-cn-i-qvj2lq49k0/3cf9e665a0914ce494c07a579fb16bf1~noop.image?_iz=58558&amp;from=article.pc_detail&amp;x-expires=1670482303&amp;x-signature=KYCM1VpHNui3EePFS9MOq8vbak0%3D\" img_width=\"1440\" img_height=\"829\" image_type=\"1\" mime_type=\"image/jpeg\" web_uri=\"tos-cn-i-qvj2lq49k0/3cf9e665a0914ce494c07a579fb16bf1\" class=\"syl-page-img\"><p class=\"pgc-img-caption\"></p></div><h1 class=\"pgc-h-arrow-right\" data-track=\"124\" style=\"text-align: justify;\">3D MARK</h1><p data-track=\"125\" style=\"text-align: justify;\"><span>接下来3D MARK跑分测试，3D Mark主要是对RTX2050显卡进行跑分测试，在Fire Strike模式下跑分6999元，Time Spy模式跑分2850，Night Raid模式下跑分27010分。对于RTX2050来说，这个成绩也算很不错了。</span></p><div class=\"pgc-img\" style=\"text-align: justify;\"><img src=\"https://p3-sign.toutiaoimg.com/tos-cn-i-qvj2lq49k0/0b9b576e96a2434e835358ce225c2894~noop.image?_iz=58558&amp;from=article.pc_detail&amp;x-expires=1670482303&amp;x-signature=BwfInohWDsvOlzPERbxbUqHmXR4%3D\" img_width=\"1440\" img_height=\"829\" image_type=\"1\" mime_type=\"image/jpeg\" web_uri=\"tos-cn-i-qvj2lq49k0/0b9b576e96a2434e835358ce225c2894\" class=\"syl-page-img\"><p class=\"pgc-img-caption\"></p></div><div class=\"pgc-img\" style=\"text-align: justify;\"><img src=\"https://p3-sign.toutiaoimg.com/tos-cn-i-qvj2lq49k0/590cb5ae869142229be98232f132fed7~noop.image?_iz=58558&amp;from=article.pc_detail&amp;x-expires=1670482303&amp;x-signature=mmjDqz%2FT0LQzLMyUV1QBVEVCbm0%3D\" img_width=\"1440\" img_height=\"829\" image_type=\"1\" mime_type=\"image/jpeg\" web_uri=\"tos-cn-i-qvj2lq49k0/590cb5ae869142229be98232f132fed7\" class=\"syl-page-img\"><p class=\"pgc-img-caption\"></p></div><div class=\"pgc-img\" style=\"text-align: justify;\"><img src=\"https://p3-sign.toutiaoimg.com/tos-cn-i-qvj2lq49k0/41f655f17bcf43ee864a65469a5f3843~noop.image?_iz=58558&amp;from=article.pc_detail&amp;x-expires=1670482303&amp;x-signature=pY2Lp6jM%2FCscoyhAbcUHl3Tsxoo%3D\" img_width=\"1440\" img_height=\"829\" image_type=\"1\" mime_type=\"image/jpeg\" web_uri=\"tos-cn-i-qvj2lq49k0/41f655f17bcf43ee864a65469a5f3843\" class=\"syl-page-img\"><p class=\"pgc-img-caption\"></p></div><h1 class=\"pgc-h-arrow-right\" data-track=\"126\" style=\"text-align: justify;\">功耗测试</h1><p data-track=\"127\" style=\"text-align: justify;\"><span>接下来对ThinkBook 14+的处理器和显卡进行了功耗测试，这也是大家最关心的，CPU性能释放，整机性能释放。单烤FPU，CPU性能释放最高55W，经过20多分钟测试，最终稳定在近48W。CPU温度保持在85度，散热能力控制的很不错。</span></p><div class=\"pgc-img\" style=\"text-align: justify;\"><img src=\"https://p3-sign.toutiaoimg.com/tos-cn-i-qvj2lq49k0/0a77f93a93984168908c84005c2929b6~noop.image?_iz=58558&amp;from=article.pc_detail&amp;x-expires=1670482303&amp;x-signature=ZdmmDyd4CXysGn7NKY2DvdIamgk%3D\" img_width=\"1440\" img_height=\"874\" image_type=\"1\" mime_type=\"image/jpeg\" web_uri=\"tos-cn-i-qvj2lq49k0/0a77f93a93984168908c84005c2929b6\" class=\"syl-page-img\"><p class=\"pgc-img-caption\"></p></div><p data-track=\"128\" style=\"text-align: justify;\"><span>在双烤测试中，CPU功耗约20W左右，显卡稳定在48W。整机功耗超过官方介绍的60W。不得不说联想在性能方面的调节是真的强，很强。这样的性能是可以满足Adobe软件及吃鸡类游戏使用的。并且温度控制的依然不错。</span></p><div class=\"pgc-img\" style=\"text-align: justify;\"><img src=\"https://p3-sign.toutiaoimg.com/tos-cn-i-qvj2lq49k0/73c468ff9a6543ee8ecdf7b3bf59a46e~noop.image?_iz=58558&amp;from=article.pc_detail&amp;x-expires=1670482303&amp;x-signature=An3VmpWcN%2Fg6hFsh5YiGWlQaO0Q%3D\" img_width=\"1440\" img_height=\"840\" image_type=\"1\" mime_type=\"image/jpeg\" web_uri=\"tos-cn-i-qvj2lq49k0/73c468ff9a6543ee8ecdf7b3bf59a46e\" class=\"syl-page-img\"><p class=\"pgc-img-caption\"></p></div><h1 class=\"pgc-h-arrow-right\" data-track=\"129\" style=\"text-align: justify;\">内存测试</h1><p data-track=\"130\" style=\"text-align: justify;\"><span>ThinkBook 14+的锐龙版本搭载的是LPDDR5-6400MHz的内存，比DDR4的带宽更高。</span></p><div class=\"pgc-img\" style=\"text-align: justify;\"><img src=\"https://p3-sign.toutiaoimg.com/tos-cn-i-qvj2lq49k0/a8e1340eeab74bc0ad04ef9cbf5ab0da~noop.image?_iz=58558&amp;from=article.pc_detail&amp;x-expires=1670482303&amp;x-signature=OUKjQcNJCjJ0%2FHL2v2b8QIlIGwA%3D\" img_width=\"912\" img_height=\"877\" image_type=\"1\" mime_type=\"image/jpeg\" web_uri=\"tos-cn-i-qvj2lq49k0/a8e1340eeab74bc0ad04ef9cbf5ab0da\" class=\"syl-page-img\"><p class=\"pgc-img-caption\"></p></div><h1 class=\"pgc-h-arrow-right\" data-track=\"131\" style=\"text-align: justify;\">硬盘测试</h1><p data-track=\"132\" style=\"text-align: justify;\"><span>ThinkBook 14+的PCIe4.0的三星硬盘，速度表现很好，再重复一下，这台锐龙版备用的硬盘位也是PCIe4.0的。</span></p><div class=\"pgc-img\" style=\"text-align: justify;\"><img src=\"https://p3-sign.toutiaoimg.com/tos-cn-i-qvj2lq49k0/910a42d955d7417fae2aa092a4645558~noop.image?_iz=58558&amp;from=article.pc_detail&amp;x-expires=1670482303&amp;x-signature=6csdilU6cTN%2F9huP%2FRv9tWPVAJU%3D\" img_width=\"947\" img_height=\"676\" image_type=\"1\" mime_type=\"image/jpeg\" web_uri=\"tos-cn-i-qvj2lq49k0/910a42d955d7417fae2aa092a4645558\" class=\"syl-page-img\"><p class=\"pgc-img-caption\"></p></div><h1 class=\"pgc-h-arrow-right\" data-track=\"133\" style=\"text-align: justify;\">关于续航</h1><p data-track=\"134\" style=\"text-align: justify;\"><span>ThinkBook 14+确实非主打续航的笔记本，机身配62Wh的电池，其实也不算小，主要是机身很轻薄，厚度仅15.9mm，重量控制在1.4Kg。加上内部足够多的机身接口，还要预留空间给双固态硬盘位，更重要的是要预留空间散热，在这些前提下。62Wh的电池配置的已经相当好了。</span></p><p data-track=\"141\" style=\"text-align: justify;\"><span>因为某些因素，没有时间完整测完一轮续航，大约测试了一部分。在重度办公的情况下，音量50%，屏幕亮度50%，联网，蓝牙，一小时使用后剩余电量78%，二小时使用后剩余58%。照这样使用下来，重度办公是可以用五小时的，如果是纯核显版本，续航会更久。有试过只开机联网，不动电脑，待机的情况下，掉电超慢。对于这种轻薄高性能笔记本来说，这个续航能力其实是够用的，并且高刷高分辨率屏幕也是比较费电的。如果想要提升续航，做厚机身，做大电池，加机身重量，屏幕减配，也能达到更长续航的目的，但使用起来的整体舒适程度就不如ThinkBook 14+了。</span></p><div class=\"pgc-img\" style=\"text-align: justify;\"><img src=\"https://p3-sign.toutiaoimg.com/tos-cn-i-qvj2lq49k0/39bd5c6b46464d89a7108a47ce22f0dd~noop.image?_iz=58558&amp;from=article.pc_detail&amp;x-expires=1670482303&amp;x-signature=9aNyEuyqK56FcB%2FI4eHCJrD3P2k%3D\" img_width=\"1440\" img_height=\"1442\" image_type=\"1\" mime_type=\"image/jpeg\" web_uri=\"tos-cn-i-qvj2lq49k0/39bd5c6b46464d89a7108a47ce22f0dd\" class=\"syl-page-img\"><p class=\"pgc-img-caption\"></p></div><h1 class=\"pgc-h-arrow-right\" data-track=\"135\" style=\"text-align: justify;\">软件方面：</h1><p data-track=\"136\" style=\"text-align: justify;\"><span>ThinkBook 14+预装有联想电脑管家，能够无死角拦截广告，拦截弹窗，守护电脑安全，快捷联系在线客服，查看电脑硬件，保修状态等。</span></p><div class=\"pgc-img\" style=\"text-align: justify;\"><img src=\"https://p3-sign.toutiaoimg.com/tos-cn-i-qvj2lq49k0/ec2f94f60a2f483dbc203bd6c7168060~noop.image?_iz=58558&amp;from=article.pc_detail&amp;x-expires=1670482303&amp;x-signature=uyNohwFKMuu1oO5uXtVq2GS7GxE%3D\" img_width=\"1262\" img_height=\"648\" image_type=\"1\" mime_type=\"image/jpeg\" web_uri=\"tos-cn-i-qvj2lq49k0/ec2f94f60a2f483dbc203bd6c7168060\" class=\"syl-page-img\"><p class=\"pgc-img-caption\"></p></div><p data-track=\"137\" style=\"text-align: justify;\"><span>还有联想智能引擎，能够根据使用场景，智能分配调节性能，在保障性能的同时，有效提高续航能力和使用的舒适性，还能够调节各硬件，支持个性交互设置、充电模式等。配合Fn+Q，无论是办公、学习、还是打游戏都能够得匹配到最佳最合适的性能。</span></p><div class=\"pgc-img\" style=\"text-align: justify;\"><img src=\"https://p3-sign.toutiaoimg.com/tos-cn-i-qvj2lq49k0/aa9d5e4f3fc94c4da3e7f058d74b3038~noop.image?_iz=58558&amp;from=article.pc_detail&amp;x-expires=1670482303&amp;x-signature=uxRLqQPWPakazqhODaRlbqplt%2Fs%3D\" img_width=\"1440\" img_height=\"834\" image_type=\"1\" mime_type=\"image/jpeg\" web_uri=\"tos-cn-i-qvj2lq49k0/aa9d5e4f3fc94c4da3e7f058d74b3038\" class=\"syl-page-img\"><p class=\"pgc-img-caption\"></p></div><h1 class=\"pgc-h-arrow-right\" data-track=\"138\" style=\"text-align: justify;\">总结：</h1><p data-track=\"139\" style=\"text-align: justify;\"><span>ThinkBook 14+是一款轻薄时尚的小屏幕高性能全能轻薄本，兼顾高颜值、好的做工、超轻薄机身、高分高刷高亮度高屏占比的屏幕、优秀的散热和性能，拥有超全面的机身接口，保证了实用性，双PCIe4.0的固态硬盘在拓展能力方面表现突出。高能效的锐龙6000系标压处理器配合支持光追和DLSS的RTX2050独立显卡，在小屏幕轻薄本上也可以实现办公、学习、游戏娱乐、设计创作等。</span></p><div class=\"pgc-img\" style=\"text-align: justify;\"><img src=\"https://p3-sign.toutiaoimg.com/tos-cn-i-qvj2lq49k0/132130063fec4930a71cd7663b069130~noop.image?_iz=58558&amp;from=article.pc_detail&amp;x-expires=1670482303&amp;x-signature=TB5b1IS9KX46kIA3CYh%2BpTKMMe4%3D\" img_width=\"1440\" img_height=\"900\" image_type=\"1\" mime_type=\"image/jpeg\" web_uri=\"tos-cn-i-qvj2lq49k0/132130063fec4930a71cd7663b069130\" class=\"syl-page-img\"><p class=\"pgc-img-caption\"></p></div><p data-track=\"140\" style=\"text-align: justify;\"><span>总之，你可以永远相信ThinkBook 14+是2022年真正高性能轻薄全能笔记本的新标杆。</span></p>', 1, '2022-12-01 14:52:52', 'ThinkBook 14+/16+上市已经有一段时间了，这是一篇姗姗来迟的测评，之前有自己购买ThinkBook 16+酷睿独显版，并分享了使用体验。而今天要带来的是ThinkBook 14+的锐龙独显版本使用心得。接触ThinkBook 产品已经有一段时间了，从2020年的ThinkBook 14', 'http://localhost:8080/ArticleSystem/ArticleSystemImg/166987756926923696.png');
INSERT INTO `as_article` VALUES (600, 7, '体检发现血脂高，就要吃药吗？提醒：日常坚持7个方法降低血脂', '<p data-track=\"1\" style=\"text-align: justify;\"><span>很多粉丝说：“我体检发现血脂高了，医生开了他汀，一定要吃吗？”。也有人问：“日常生活饮食怎么吃，对降低血脂有帮助？”今天就来谈一谈。</span></p><div class=\"pgc-img\" style=\"text-align: justify;\"><img src=\"https://p3-sign.toutiaoimg.com/tos-cn-i-qvj2lq49k0/e9cd6d1c5c9840b3b2d18879707992db~noop.image?_iz=58558&amp;from=article.pc_detail&amp;x-expires=1670482565&amp;x-signature=TNXxk%2FXuNx7XRzApUQlRmF6WLsI%3D\" img_width=\"750\" img_height=\"500\" image_type=\"1\" mime_type=\"image/jpeg\" web_uri=\"tos-cn-i-qvj2lq49k0/e9cd6d1c5c9840b3b2d18879707992db\" class=\"syl-page-img\"><p class=\"pgc-img-caption\"></p></div><h1 class=\"pgc-h-arrow-right\" data-track=\"3\" style=\"text-align: justify;\">大家首先来了解，什么是血脂？</h1><p data-track=\"3\" style=\"text-align: justify;\"><span>血脂</span>是一种脂肪物质，<span>一部分来源于身体自我合成，另外一部分来源于摄入富含脂肪的食物。</span>血脂，尤其是胆固醇是人体必需物质，它帮助我们消化食物，产生激素，并参与构成细胞膜，维持正常生理功能，但是血脂需维持在正常范围内。</p><p data-track=\"70\" style=\"text-align: justify;\">当我们长期饮食不合理，久坐，不运动，持续的慢性压力和作息不规律等因素就会打破胆固醇的平衡，就会出现血脂升高，隐匿的造成动脉粥样硬化，最终诱发心脑血管疾病。</p><p data-track=\"71\" style=\"text-align: justify;\">我们抽血查血脂有4个指标：低密度脂蛋白、甘油三酯、总胆固醇和高密度脂蛋白，前三者应该低一点好，最后一个高一点好。</p><div class=\"pgc-img\" style=\"text-align: justify;\"><img src=\"https://p9-sign.toutiaoimg.com/tos-cn-i-qvj2lq49k0/fc65c6ead0e44e21964bfdc890bf992d~noop.image?_iz=58558&amp;from=article.pc_detail&amp;x-expires=1670482565&amp;x-signature=EkiGVBdaXFUf%2FcGcXlQXDRI7lMw%3D\" img_width=\"1000\" img_height=\"864\" image_type=\"1\" mime_type=\"image/jpeg\" web_uri=\"tos-cn-i-qvj2lq49k0/fc65c6ead0e44e21964bfdc890bf992d\" class=\"syl-page-img\"><p class=\"pgc-img-caption\"></p></div><h1 class=\"pgc-h-arrow-right\" data-track=\"69\" style=\"text-align: justify;\">发现高血脂，就要吃他汀药物吗？</h1><p data-track=\"12\" style=\"text-align: justify;\">他汀类药物是一种通过限制参与人体胆固醇生成的酶来降低胆固醇的药物，主要用于降低低密度脂蛋白。与任何药物一样，他汀类药物也确实有一些副作用。最常见的症状是肌肉酸痛、疼痛，大约 5%服用他汀类药物的人会出现 。其他不常见的副作用包括血糖升高、肝功能异常和精神异常。甚至，他汀类药物也会降低体内辅酶 Q10 的水平，而辅酶 Q10 与许多神经和肌肉活动有关 。</p><p data-track=\"14\" style=\"text-align: justify;\">他汀类药物可以改善一部分人的血脂水平，并可能降低心脑血管病的发生风险。例如，医生可能会出于血管病家族史，或者高危人群等原因向你开具他汀类药物。</p><p data-track=\"15\" style=\"text-align: justify;\">然而，对于我们大多数人来说，他汀类药物并不能解决最常见的根本原因，那就是不健康的生活饮食方式。实际上，通过改善饮食、坚持锻炼和舒缓压力可以将心脑血管疾病的发生风险降低多达 50% 。</p><p data-track=\"16\" style=\"text-align: justify;\"><span>我的意思是：并不是毫无理由地拒绝服用他汀类药物，而是对于高血脂的初发期的人群来说，可以先尝试改善生活饮食方式的方法去降低血脂水平。</span></p><div class=\"pgc-img\" style=\"text-align: justify;\"><img src=\"https://p3-sign.toutiaoimg.com/tos-cn-i-qvj2lq49k0/16887ff9788c438ca7591e688948bd60~noop.image?_iz=58558&amp;from=article.pc_detail&amp;x-expires=1670482565&amp;x-signature=57Se8K0QI4QSZ8yNZjvtaUfmhfg%3D\" img_width=\"850\" img_height=\"564\" image_type=\"1\" mime_type=\"image/png\" web_uri=\"tos-cn-i-qvj2lq49k0/16887ff9788c438ca7591e688948bd60\" class=\"syl-page-img\"><p class=\"pgc-img-caption\"></p></div><h1 class=\"pgc-h-arrow-right\" style=\"text-align: justify;\">重点来了，日常生活饮食中，坚持“7个方法”有助于降低血脂</h1><p data-track=\"21\" style=\"text-align: justify;\"><span>第一、多吃鱼</span></p><p data-track=\"22\" style=\"text-align: justify;\">鱼是白肉，长期吃鱼，不会导致肥胖，鱼主要分为淡水鱼和深海鱼。从健康角度来看，常吃深海鱼更好，它富含EPA和DHA，属于不饱和脂肪酸（健康的脂肪），具有抗炎特性，已在许多大型研究中显示，可显著降低甘油三酯 的水平。如果不经常吃鱼，也可以选择高纯度的鱼油。</p><p data-track=\"25\" style=\"text-align: justify;\"><span>第二、多摄入膳食纤维</span></p><p data-track=\"26\" style=\"text-align: justify;\">膳食纤维可与胆固醇相结合，并帮助排泄，从而有效降低总胆固醇和低密度脂蛋白的水平。我们每天至少需要摄入 30克膳食纤维，富含纤维的食物包括蔬菜、水果、全谷物、豆类等。</p><p data-track=\"29\" style=\"text-align: justify;\"><span>第三、控糖</span></p><p data-track=\"31\" style=\"text-align: justify;\">糖在我们饮食中无处不在，包括糖果，饮料，蛋糕，饼干，糖醋里脊，红糖糍粑等等，甚至精制的米饭、面条、馒头。</p><p data-track=\"32\" style=\"text-align: justify;\">糖是一种能量物质，并不是人体必需物质，所以日常饮食中要控制糖的摄入量，因为糖会转化成脂肪，造成肥胖，升高血脂。</p><p data-track=\"35\" style=\"text-align: justify;\"><span>第四、摄入有益健康的脂肪</span></p><p data-track=\"36\" style=\"text-align: justify;\">饮食中应摄入富含有益健康脂肪的低碳水化合物，从而有助于降低甘油三酯，同时增加高密度脂蛋白的水平。</p><p data-track=\"37\" style=\"text-align: justify;\">大部分健康的脂肪来自单不饱和脂肪和多不饱和脂肪，包括深海鱼、坚果、牛油果、橄榄油等，这些脂肪不仅有助于提高饱腹感，并有助于平衡血糖，从而减少你吃含糖零食的量。</p><p data-track=\"39\" style=\"text-align: justify;\">不一定要关注食物热量是多少，而是要专注于吃健康的食物（成分单一，少加工）。</p><p data-track=\"41\" style=\"text-align: justify;\"><span>第五、坚持运动</span></p><p data-track=\"42\" style=\"text-align: justify;\">研究表明，体育锻炼是提高高密度脂蛋白（HDL）较好的方法，从而降低心脑血管病的发生风险。</p><p data-track=\"43\" style=\"text-align: justify;\">对于中老年朋友来说，运动不一定非要强度很大，持久的步行是一种非常有效的减肥和改善血脂的方法。</p><p data-track=\"44\" style=\"text-align: justify;\">每天给自己设定一个运动的小目标，鼓励自己去实现，锻炼完了多喝水，也可以吃坚果，让身体更加健康。</p><p data-track=\"46\" style=\"text-align: justify;\"><span>第六、添加高镁食物</span></p><p data-track=\"47\" style=\"text-align: justify;\">一半以上中国人群镁摄入不足，这种强大的矿物质对身体有很多好处。</p><p data-track=\"48\" style=\"text-align: justify;\">具体来说，镁可以降低C反应蛋白的水平，这是一种在身体有炎症时会升高的蛋白质。研究表明，高血脂、心脑血管疾病与炎症高度相关，所以降低C-反应蛋白对健康很有益处。</p><p data-track=\"50\" style=\"text-align: justify;\">富含镁的食物包括，深绿叶蔬菜、杏仁、芝麻、葵花籽、西兰花、南瓜子、黑豆、牛油果、香蕉等。</p><p data-track=\"52\" style=\"text-align: justify;\"><span>第七、多摄入维生素K2</span></p><p data-track=\"53\" style=\"text-align: justify;\">维生素K2有助于清除动脉中积聚的钙，虽然这种维生素可能不会直接降低胆固醇，但钙的积累是动脉斑块形成的关键组成部分。</p><p data-track=\"54\" style=\"text-align: justify;\">维生素K2的良好来源包括<span>全脂牛奶、蛋黄、鸡肉、牛肉、动物肝脏</span>。与谷物喂养的动物相比，草饲动物含有更高水平的维生素K2。</p><p data-track=\"55\" style=\"text-align: justify;\">你可能会注意到，维生素K2的最佳来源还含有饱和脂肪，担心会升高血脂。事实上，虽然饱和脂肪不应该是你饮食中脂肪的主要来源，但不要因为饱和脂肪含量而害怕摄入富含维生素 K2 的食物。最重要的是，确保维生素 K2 来源是高质量、草食和牧场饲养的动物来源。</p><p data-track=\"57\" style=\"text-align: justify;\">当然，一如既往，植物食物仍然应该是我们膳食的主要部分。</p><div class=\"pgc-img\" style=\"text-align: justify;\"><img src=\"https://p3-sign.toutiaoimg.com/tos-cn-i-qvj2lq49k0/298ee2e26aa04c0bbccb775c91bcf22d~noop.image?_iz=58558&amp;from=article.pc_detail&amp;x-expires=1670482565&amp;x-signature=vE1ertUI0%2BesSDZzjPy5FoyPwKs%3D\" img_width=\"1080\" img_height=\"720\" image_type=\"1\" mime_type=\"image/jpeg\" web_uri=\"tos-cn-i-qvj2lq49k0/298ee2e26aa04c0bbccb775c91bcf22d\" class=\"syl-page-img\"></div>', 1, '2022-12-01 14:57:17', '很多粉丝说：“我体检发现血脂高了，医生开了他汀，一定要吃吗？”。也有人问：“日常生活饮食怎么吃，对降低血脂有帮助？”今天就来谈一谈。大家首先来了解，什么是血脂？血脂是一种脂肪物质，一部分来源于身体自我合成，另外一部分来源于摄入富含脂肪的食物。血脂，尤其是胆固醇是人体必需物质，它帮助我们消化食物，产生', 'http://localhost:8080/ArticleSystem/ArticleSystemImg/166987783395974441.jpg');
INSERT INTO `as_article` VALUES (603, 7, '湖人好消息，周最佳球员诞生！欧文闹剧最新进展，库里太难了', '<p><span>NBA常规赛开打4周，联盟官方公布了第四期球队战力榜，其中，凯尔特人队升至榜首，雄鹿队屈居第2位，开拓者队位列第3位，第4-10位分别是掘金队、爵士队、太阳队、独行侠队、骑士队、灰熊队和76人队，鹈鹕队排在第11位，篮网队排在第14位，快船队排在第17位，勇士队排在第19位，湖人队排在第27位，火箭队排在第30位。上赛季总亚军一路逆袭升至榜首，卫冕冠军勇士队不能再儿戏了。除此之外，NBA联盟还有许多重要的资讯，在此做一个归纳，希望能够帮助大家更好地了解NBA。</span></p><p><span><img src=\"http://localhost:8080/ArticleSystem/ArticleSystemImg/166987815934740456.png\" alt=\"filename\" width=\"100%\"><br></span></p><div class=\"_213jB lg-fl \"><div class=\"JmmC0\"></div></div><div class=\"_3ygOc lg-fl \"><p><span class=\"bjh-h3\">第一则：湖人好消息，施罗德布莱恩特复出时间确定</span></p></div><div class=\"_3ygOc lg-fl \"><p><span class=\"bjh-p\">湖人队爆冷击败篮网队，避免了6连败，但球队危机依然存在，可以用“内忧外患”来形容，外线没有火力支援，浓眉是内线唯一的遮羞布。赛季至今，湖人队的三分球命中率（30.7%）排在联盟倒数第1位，进攻效率（105.4）排在联盟倒数第2位，真实命中率（54.3%）排在联盟倒数第3位。今天，湖人传来好消息。据NBA名记Shams报道，消息人士透露，施罗德和布莱恩特将在本周六对阵活塞的比赛中上演赛季首秀。施罗德和布莱恩特在赛季开始前接受了拇指手术，他们也是湖人队最后两张牌了。按照Stein的说法，如果施罗德、布莱恩特复出之后无法帮助球队更进一步，湖人会通过签约自由球员进行补强！</span></p><p><span class=\"bjh-p\"><img src=\"http://localhost:8080/ArticleSystem/ArticleSystemImg/166987819407720644.png\" alt=\"filename\" width=\"100%\"><br></span></p></div>', 1, '2022-12-01 15:03:32', 'NBA常规赛开打4周，联盟官方公布了第四期球队战力榜，其中，凯尔特人队升至榜首，雄鹿队屈居第2位，开拓者队位列第3位，第4-10位分别是掘金队、爵士队、太阳队、独行侠队、骑士队、灰熊队和76人队，鹈鹕队排在第11位，篮网队排在第14位，快船队排在第17位，勇士队排在第19位，湖人队排在第27位，火箭', 'http://localhost:8080/ArticleSystem/ArticleSystemImg/166987820595166223.png');
INSERT INTO `as_article` VALUES (602, 7, '4个军事消息事关我国安全，俄罗斯图95战略轰炸机首次降落中国，日政府欲采购500枚“战斧”导弹强化反击能力', '<div class=\"weitoutiao-html\">4个军事消息事关我国安全，俄罗斯图95战略轰炸机首次降落中国，日政府欲采购500枚“战斧”导弹强化反击能力，美疑援台100亿美元“助台自卫”，解放军在渤海海峡实行军事任务<br>&nbsp;<br>山雨欲来风满楼，今天正式进入了2022年最后的一个月，今年国际局势出现的变化是很多人想象不到的，要想维护好安全局势，我们就必须对各国在军事上的动向保持高度关注。眼下，4个军事消息传来，与我国安全有关，非同寻常，值得我们警惕。<br>&nbsp;<br>第一个消息，30日，我国国防部发布消息称，中俄军机实施了联合空中战略巡航，更不同寻常的是，在此次巡航中，俄军战略轰炸机首次降落在中国机场，而中国轰炸机则在俄罗斯降落，这也象征着中俄两国军事互信上升到了一个新的高度。此次中方派出了轰-6K、歼16和运油-20参与巡航任务，运油-20是为歼16保驾护航，提供加油支持。<br>&nbsp;<br>虽然中俄明确表示，此次巡航行动不针对第三方国家，也严格遵守了相关法律法规，但日韩等国还是对中俄军机动向保持着密切关注。日本防卫省就炒作称，在今年以来，中俄军机联合在日本周边飞行的次数明显上升，带有示威的意图，日方也对此表示了严重关切，会继续关注中俄合作的动向，并采取必要措施维护日本领海、领空安全。<br>&nbsp;<br>日本方面如此“紧张”，其实就是自身“做贼心虚”罢了，真正在印太增加军事活动的不是中俄，而是美国及其盟友，也包括日本。中日俄本来就是一衣带水的邻国，我们在周边进行例行巡航，靠近日本是正常的。日方如果真正看重东亚地区和平稳定，应该与中俄同向而行，反制外界干涉。<br>&nbsp;<br>第二个消息，11月30日，日本《读卖新闻》报道称，消息人士透露，日本政府正在争取在2027年之前采购500枚美制“战斧”巡航导弹，以提升自身“反击能力”。在今年年底将完成的《国家安全保障战略》等三份安保文件中，日方正在协调写入相关采购计划。事实上，此前美日领导人会晤时，岸田文雄就曾提到采购“战斧”一事，拜登也有意支持此事。<br>&nbsp;<br>日本本来就是美国在印太的重要盟友，日本军事实力的不断提升，自然对美国也是有益的，特别是此次日方想采购的还是美制的导弹，还能满足军火商的需求，美方一举两得何乐而不为。对于日本在军事上的动向，我们必须保持警惕，岸田政府已经明确摆出态度要在未来5年，将防卫费占GDP的比例提高到2%，逐步脱离专守防卫的限制。日本再次走上军国主义的老路，无益于印太局势保持稳定。<br>&nbsp;<br>第三个消息，12月1日，俄媒援引彭博社的报道称，美国政府计划拨款100亿美元，用于加强台方的防御能力，应对可能出现的“威胁”。这一法案如果获得通过，美国将在2027年之前，每年向台当局提供高达20亿美元的军事支持。<br>&nbsp;<br>事实上，受到俄乌冲突的影响，现在美台之间军售案的落实已经出现了严重的延迟问题，美媒提到的新对台援助，可能也只是空头支票罢了。但不得不防的是，外界势力的干涉，始终是造成台海局势紧张的关键原因之一，尽管我国多次警告，美方还不“死心”，妄图打“台湾牌”，通过这种“胡萝卜加大棒”的方式，将台当局当做棋子，搞制华图谋。多说无益，中国军队会用实际行动践行自己的承诺，台湾问题是我国核心利益中的核心，台当局与反华政客沆瀣一气，必将付出沉重代价。<br>&nbsp;<br>第四个消息，12月1日，我国海事局发布消息称，自12月1日至2日每日6时至15时，解放军将在渤海海峡执行军事任务，相关区域禁止无关船只驶入。<br>&nbsp;<br>如今印太局势出现了新一轮紧张，日本虎视眈眈妄图借由美国的支持提升威慑力，朝韩矛盾也不断升温，还有域外国家妄图在印太“秀肌肉”，我们也要用真刀真枪维护自身利益，在平时注重提升打赢本领，承担好大国责任，维护好来之不易的和平局势。中国军队在海空进行的实战演训，同样也是对不安分势力的无声警告，我们有能力、有信心、有底气，做地区安全的“定海神针”。#俄罗斯图95战略轰炸机首次降落中国##中俄联合战略巡航 各方有何反应##日本##日本欲采购美国战斧导弹##美国##台湾##渤海部分海域将执行军事任务##国际##军事#</div><div class=\"image-list\"><img class=\"weitoutiao-img\" src=\"https://p3-sign.toutiaoimg.com/tos-cn-i-qvj2lq49k0/c15b5c5e34f6469499f6e7116e183de8~tplv-obj:1103:681.image?from=post&amp;x-expires=1677600000&amp;x-signature=BNQhYUkcneErJ%2BoVukzTqexYeXc%3D\"><img class=\"weitoutiao-img\" src=\"https://p3-sign.toutiaoimg.com/tos-cn-i-qvj2lq49k0/fb22aad3726143158c645a615539017a~tplv-obj:1600:1056.image?from=post&amp;x-expires=1677600000&amp;x-signature=1lrMFIPmUKx7DmoQOJPdiy2fuTc%3D\"><img class=\"weitoutiao-img\" src=\"https://p3-sign.toutiaoimg.com/tos-cn-i-qvj2lq49k0/a0a9cfcfe4974f2e9081103d8ccf5605~tplv-obj:1170:703.image?from=post&amp;x-expires=1677600000&amp;x-signature=bkbtSQIv51AG4j8ODDY8BWOnSrQ%3D\"></div><div><br></div>', 1, '2022-12-01 15:00:42', '4个军事消息事关我国安全，俄罗斯图95战略轰炸机首次降落中国，日政府欲采购500枚“战斧”导弹强化反击能力，美疑援台100亿美元“助台自卫”，解放军在渤海海峡实行军事任务&nbsp;山雨欲来风满楼，今天正式进入了2022年最后的一个月，今年国际局势出现的变化是很多人想象不到的，要想维护好安全局势，我', 'http://localhost:8080/ArticleSystem/ArticleSystemImg/166987803999779915.jpeg');
INSERT INTO `as_article` VALUES (594, 7, '为什么科比在世界大赛穿10号，而在NBA穿8号和24号？', '<div class=\"_3ygOc lg-fl \"><p>科比的篮球生涯穿多个号码，有10号、8号、24号、33号，每个号码都有故事，下面我们就讲述一下这些号码有着怎样的故事。</p><p></p></div><div class=\"_3ygOc lg-fl \"><p></p><h3>高中时期：33号球衣</h3><p></p></div><p></p><div class=\"_213jB lg-fl \"></div><p></p><div class=\"_3ygOc lg-fl \" style=\"text-align: start;\"><p></p><p>科比高中时期穿的球衣号码是33号，就读于美国费城劳尔梅里恩中学。因为篮球天赋太过出众，科比一进入校队就成为球队的明星球员，并且打出了名声。</p><p><img src=\"http://localhost:8080/ArticleSystem/ArticleSystemImg/166987629356322893.jpg\" alt=\"filename\" width=\"100%\"><br></p><div class=\"_3ygOc lg-fl \"><p>高四那年，科比率队拿下50年来第一个州冠军，并且当选全美最佳高中生。整个高中生涯，科比率队取得77胜13负的惊人战绩，总共砍下2359分，成功打破了张伯伦保持的得分记录。</p><p></p></div><div class=\"_3ygOc lg-fl \"><p></p><p>高中毕业之后，科比跳过大学进入NBA，并在NBA打出名堂。因为科比，劳尔梅里恩中学闻名于世，2002年，劳尔梅里恩中学退役了科比的33号球衣。</p><p><br></p><p><img src=\"http://localhost:8080/ArticleSystem/ArticleSystemImg/166987635062789829.jpg\" alt=\"filename\" width=\"100%\"><br></p><p><span>因为科比太有名了，以致于他在中学时期所穿的33号球衣被小偷盯上。2017年2月，科比退役的33号裱框球衣失窃，最终这件球衣被一名中国的收藏家买走。但是这名中国的收藏家听说科比的高中33号球衣失窃了，于是就联系了劳尔梅里恩中学，将这件球衣完璧归赵。</span></p><p><span><img src=\"http://localhost:8080/ArticleSystem/ArticleSystemImg/166987639796495505.jpg\" alt=\"filename\" width=\"100%\"><br></span></p></div><p></p></div>', 1, '2022-12-01 14:33:25', '科比的篮球生涯穿多个号码，有10号、8号、24号、33号，每个号码都有故事，下面我们就讲述一下这些号码有着怎样的故事。高中时期：33号球衣科比高中时期穿的球衣号码是33号，就读于美国费城劳尔梅里恩中学。因为篮球天赋太过出众，科比一进入校队就成为球队的明星球员，并且打出了名声。高四那年，科比率队拿下5', 'http://localhost:8080/ArticleSystem/ArticleSystemImg/166987683419866123.png');
INSERT INTO `as_article` VALUES (601, 7, '国外女子在家睡觉，陨石从天而降，她成了唯一被陨石击中受伤的人', '<p data-track=\"5\" style=\"text-align: justify;\"><span>陨石，</span>是指坠落于地面的陨星残体，<span>如</span>彗星<span>、</span>小行星<span>或</span>流星体<span>。这些外太空物体在穿过地球</span>大气层<span>时一般都会因摩擦、压力和与大气的化学相互作用而燃烧，很多在未到达地面之前都燃烧完了，也有一些体积较大的或者耐燃烧的最终坠落地面形成陨石。</span></p><div class=\"pgc-img\" style=\"text-align: justify;\"><img src=\"https://p3-sign.toutiaoimg.com/tos-cn-i-qvj2lq49k0/c5e88bbe5a01419491af0fecab4b3530~noop.image?_iz=58558&amp;from=article.pc_detail&amp;x-expires=1670482673&amp;x-signature=wpiypVvyw5eSEsetHmG38iezHHg%3D\" img_width=\"1556\" img_height=\"873\" image_type=\"1\" mime_type=\"image/png\" web_uri=\"tos-cn-i-qvj2lq49k0/c5e88bbe5a01419491af0fecab4b3530\" class=\"syl-page-img\"><p class=\"pgc-img-caption\"></p></div><p data-track=\"6\" style=\"text-align: justify;\"><span>据估计，每年大概有500颗左右的小至弹珠大至篮球的陨石落在地面上，但是，通常每年只有5至10颗流星会被发现坠落，并被科学家得知和寻获。</span>今天，我们就来看一个关于陨石的故事。</p><p data-track=\"3\" style=\"text-align: justify;\">1954年，美国阿拉巴马州，一个晴朗的下午，安·<span>霍奇斯</span>正盖着被子在沙发上打盹，一块垒球大小的黑色岩石突然从天而降，穿过天花板，砸到桌子上的收音机上，然后又从收音机上弹了回来，击中了她的身体，留下了菠萝形状的伤痕。</p><div class=\"pgc-img\" style=\"text-align: justify;\"><img src=\"https://p3-sign.toutiaoimg.com/tos-cn-i-qvj2lq49k0/2e66e524babe4ec6867d9cf5d7ed5dd9~noop.image?_iz=58558&amp;from=article.pc_detail&amp;x-expires=1670482673&amp;x-signature=if4u27L2S58Vx6MrcEjYBTvUTt0%3D\" img_width=\"631\" img_height=\"840\" image_type=\"1\" mime_type=\"image/png\" web_uri=\"tos-cn-i-qvj2lq49k0/2e66e524babe4ec6867d9cf5d7ed5dd9\" class=\"syl-page-img\"><p class=\"pgc-img-caption\"></p></div><p data-track=\"4\" style=\"text-align: justify;\"><span>事情发生后，安·霍奇斯和在屋子里的母亲试图弄清楚发生了什么。因为房子里充满了灰尘，他们最初以为是烟囱倒塌了，或者是暖气破裂了。在发现地板上的石头和她身上的瘀伤后，她们马上打电话给了警察和消防部门。</span></p><div class=\"pgc-img\" style=\"text-align: justify;\"><img src=\"https://p3-sign.toutiaoimg.com/tos-cn-i-qvj2lq49k0/569accba0c9548b483fd82151329e0ee~noop.image?_iz=58558&amp;from=article.pc_detail&amp;x-expires=1670482673&amp;x-signature=i8MVM83eVrpnaKH%2BiDGo10%2BSWDo%3D\" img_width=\"1072\" img_height=\"1549\" image_type=\"1\" mime_type=\"image/png\" web_uri=\"tos-cn-i-qvj2lq49k0/569accba0c9548b483fd82151329e0ee\" class=\"syl-page-img\"><p class=\"pgc-img-caption\"></p></div><p data-track=\"11\" style=\"text-align: justify;\"><span>就在安·霍奇斯醒来的前几分钟，当地许多人看到了头顶上的火球，并认为他们看到了一架飞机坠落到地面，当局也在寻找坠机地点。随着急救车的到来，消息开始传开了，霍奇斯的房子是陨石坠落的地方。</span></p><p data-track=\"12\" style=\"text-align: justify;\"><span>安·霍奇斯的丈夫对外星石头入侵他家一事一无所知，直到他下班回到家，才发现自己的房子被一群人包围。安·霍奇斯被拉到医院检查，她左侧的身体上留下了一个大的烫伤痕，没有发现其他问题。</span></p><div class=\"pgc-img\" style=\"text-align: justify;\"><img src=\"https://p3-sign.toutiaoimg.com/tos-cn-i-qvj2lq49k0/88a8af1861424aceafb5a2974be885c5~noop.image?_iz=58558&amp;from=article.pc_detail&amp;x-expires=1670482673&amp;x-signature=W6nPHmwRX240BQ3iJCAUWtoW7K0%3D\" img_width=\"993\" img_height=\"796\" image_type=\"1\" mime_type=\"image/png\" web_uri=\"tos-cn-i-qvj2lq49k0/88a8af1861424aceafb5a2974be885c5\" class=\"syl-page-img\"><p class=\"pgc-img-caption\"></p></div><p data-track=\"10\" style=\"text-align: justify;\"><span>在当局确定这块石头是陨石后，关于这块陨石的归属立刻产生了争议。霍奇斯一家的房子是租的，他们的房东伯迪·盖伊认为这块陨石是属于她的。但安·霍奇斯认为这块陨石当然是属于她的，是上帝安排的，因为它击中了自己！</span></p><div class=\"pgc-img\" style=\"text-align: justify;\"><img src=\"https://p3-sign.toutiaoimg.com/tos-cn-i-qvj2lq49k0/ab00aa82edfd4a34914eace0b81e27d1~noop.image?_iz=58558&amp;from=article.pc_detail&amp;x-expires=1670482673&amp;x-signature=CNVIxfu7dABVvPPCOvlD7bxdXas%3D\" img_width=\"1072\" img_height=\"684\" image_type=\"1\" mime_type=\"image/png\" web_uri=\"tos-cn-i-qvj2lq49k0/ab00aa82edfd4a34914eace0b81e27d1\" class=\"syl-page-img\"></div>', 1, '2022-12-01 14:58:27', '陨石，是指坠落于地面的陨星残体，如彗星、小行星或流星体。这些外太空物体在穿过地球大气层时一般都会因摩擦、压力和与大气的化学相互作用而燃烧，很多在未到达地面之前都燃烧完了，也有一些体积较大的或者耐燃烧的最终坠落地面形成陨石。据估计，每年大概有500颗左右的小至弹珠大至篮球的陨石落在地面上，但是，通常每', 'http://localhost:8080/ArticleSystem/ArticleSystemImg/166987790306871744.jpg');
INSERT INTO `as_article` VALUES (734, 11, '49中华航展，重磅出击，歼击机20，运20', '本届珠海航展，第五代战斗机歼-20最抢眼。虽然歼-20过去也频频亮相珠海航展，但都是在空中表演完了就飞走了，从没有在地面上做过静态展示，所以，我们观众难以窥见全貌。而此次航展，歼-20首次落地进行静态展示，以供观众近距离参观，满足大家的好奇心和求知欲。\n\n歼-20是中国第一款第五代战斗机，同时，也是世界第一款拥有双座型的第五代战机，美国和俄罗斯都没有研发第五代战斗机的双座型，这是为啥呢？\n\n在五代机之前，各国研发的战斗机时，通常都会以单座型为基础，同时研发一款双座型。比如美国的F-16C单座型战斗机，就有与之配套的双座型F-16D。这个双座型F-16D也称教练型，功能上与单座型F-16C一样，只不过多了个座舱，既可用于作战，也可用来培训飞行员，以满足新老飞行员同乘飞行需求。但毕竟多了个座舱，所以，双座型在载荷、航程上，与单座型略有不同。但也有例外，如美国的F-15E就是双座型，但这个双座型就不是教练型，而是战斗轰炸机，前座舱是飞行员座舱，而后座舱是武器控制舱，两个座舱的功能是截然不同的。随着战斗机承担的任务越来越多，如对地攻击、电子战等，一名飞行员难以满足要求，于是，像F-15E这类的双座战斗机就脱颖而出。\n\n美国在研制五代机的时候，也曾计划研发双座机。然而，五代机同四代机相比，最大的优点就是隐身，而为了隐身，战斗机的所有外挂就要求藏在机身内部，以减少对雷达波的散射。所以，五代机机身内部非常紧凑，如果还要设计双座型，成本将大幅增加。再加上专用教练机和飞行模拟器的发展，使得美俄在研发五代机时，都没有同步研发双座教练型。', 1, '2022-12-07 17:25:58', '本届珠海航展，第五代战斗机歼-20最抢眼。虽然歼-20过去也频频亮相珠海航展，但都是在空中表演完了就飞走了，从没有在地面上做过静态展示，所以，我们观众难以窥见全貌。而此次航展，歼-20首次落地进行静态展示，以供观众近距离参观，满足大家的好奇心和求知欲。\n\n歼-20是中国第一款第五代战斗机，同时，也是', 'http://localhost:8080/ArticleSystem/ArticleSystemImg/166844064628251271.jpg');
INSERT INTO `as_article` VALUES (717, 11, '32中华航展，重磅出击，歼击机20，运20', '本届珠海航展，第五代战斗机歼-20最抢眼。虽然歼-20过去也频频亮相珠海航展，但都是在空中表演完了就飞走了，从没有在地面上做过静态展示，所以，我们观众难以窥见全貌。而此次航展，歼-20首次落地进行静态展示，以供观众近距离参观，满足大家的好奇心和求知欲。\n\n歼-20是中国第一款第五代战斗机，同时，也是世界第一款拥有双座型的第五代战机，美国和俄罗斯都没有研发第五代战斗机的双座型，这是为啥呢？\n\n在五代机之前，各国研发的战斗机时，通常都会以单座型为基础，同时研发一款双座型。比如美国的F-16C单座型战斗机，就有与之配套的双座型F-16D。这个双座型F-16D也称教练型，功能上与单座型F-16C一样，只不过多了个座舱，既可用于作战，也可用来培训飞行员，以满足新老飞行员同乘飞行需求。但毕竟多了个座舱，所以，双座型在载荷、航程上，与单座型略有不同。但也有例外，如美国的F-15E就是双座型，但这个双座型就不是教练型，而是战斗轰炸机，前座舱是飞行员座舱，而后座舱是武器控制舱，两个座舱的功能是截然不同的。随着战斗机承担的任务越来越多，如对地攻击、电子战等，一名飞行员难以满足要求，于是，像F-15E这类的双座战斗机就脱颖而出。\n\n美国在研制五代机的时候，也曾计划研发双座机。然而，五代机同四代机相比，最大的优点就是隐身，而为了隐身，战斗机的所有外挂就要求藏在机身内部，以减少对雷达波的散射。所以，五代机机身内部非常紧凑，如果还要设计双座型，成本将大幅增加。再加上专用教练机和飞行模拟器的发展，使得美俄在研发五代机时，都没有同步研发双座教练型。', 1, '2022-12-07 17:25:58', '本届珠海航展，第五代战斗机歼-20最抢眼。虽然歼-20过去也频频亮相珠海航展，但都是在空中表演完了就飞走了，从没有在地面上做过静态展示，所以，我们观众难以窥见全貌。而此次航展，歼-20首次落地进行静态展示，以供观众近距离参观，满足大家的好奇心和求知欲。\n\n歼-20是中国第一款第五代战斗机，同时，也是', 'http://localhost:8080/ArticleSystem/ArticleSystemImg/166844064628251271.jpg');
INSERT INTO `as_article` VALUES (718, 11, '33中华航展，重磅出击，歼击机20，运20', '本届珠海航展，第五代战斗机歼-20最抢眼。虽然歼-20过去也频频亮相珠海航展，但都是在空中表演完了就飞走了，从没有在地面上做过静态展示，所以，我们观众难以窥见全貌。而此次航展，歼-20首次落地进行静态展示，以供观众近距离参观，满足大家的好奇心和求知欲。\n\n歼-20是中国第一款第五代战斗机，同时，也是世界第一款拥有双座型的第五代战机，美国和俄罗斯都没有研发第五代战斗机的双座型，这是为啥呢？\n\n在五代机之前，各国研发的战斗机时，通常都会以单座型为基础，同时研发一款双座型。比如美国的F-16C单座型战斗机，就有与之配套的双座型F-16D。这个双座型F-16D也称教练型，功能上与单座型F-16C一样，只不过多了个座舱，既可用于作战，也可用来培训飞行员，以满足新老飞行员同乘飞行需求。但毕竟多了个座舱，所以，双座型在载荷、航程上，与单座型略有不同。但也有例外，如美国的F-15E就是双座型，但这个双座型就不是教练型，而是战斗轰炸机，前座舱是飞行员座舱，而后座舱是武器控制舱，两个座舱的功能是截然不同的。随着战斗机承担的任务越来越多，如对地攻击、电子战等，一名飞行员难以满足要求，于是，像F-15E这类的双座战斗机就脱颖而出。\n\n美国在研制五代机的时候，也曾计划研发双座机。然而，五代机同四代机相比，最大的优点就是隐身，而为了隐身，战斗机的所有外挂就要求藏在机身内部，以减少对雷达波的散射。所以，五代机机身内部非常紧凑，如果还要设计双座型，成本将大幅增加。再加上专用教练机和飞行模拟器的发展，使得美俄在研发五代机时，都没有同步研发双座教练型。', 1, '2022-12-07 17:25:58', '本届珠海航展，第五代战斗机歼-20最抢眼。虽然歼-20过去也频频亮相珠海航展，但都是在空中表演完了就飞走了，从没有在地面上做过静态展示，所以，我们观众难以窥见全貌。而此次航展，歼-20首次落地进行静态展示，以供观众近距离参观，满足大家的好奇心和求知欲。\n\n歼-20是中国第一款第五代战斗机，同时，也是', 'http://localhost:8080/ArticleSystem/ArticleSystemImg/166844064628251271.jpg');
INSERT INTO `as_article` VALUES (719, 11, '34中华航展，重磅出击，歼击机20，运20', '本届珠海航展，第五代战斗机歼-20最抢眼。虽然歼-20过去也频频亮相珠海航展，但都是在空中表演完了就飞走了，从没有在地面上做过静态展示，所以，我们观众难以窥见全貌。而此次航展，歼-20首次落地进行静态展示，以供观众近距离参观，满足大家的好奇心和求知欲。\n\n歼-20是中国第一款第五代战斗机，同时，也是世界第一款拥有双座型的第五代战机，美国和俄罗斯都没有研发第五代战斗机的双座型，这是为啥呢？\n\n在五代机之前，各国研发的战斗机时，通常都会以单座型为基础，同时研发一款双座型。比如美国的F-16C单座型战斗机，就有与之配套的双座型F-16D。这个双座型F-16D也称教练型，功能上与单座型F-16C一样，只不过多了个座舱，既可用于作战，也可用来培训飞行员，以满足新老飞行员同乘飞行需求。但毕竟多了个座舱，所以，双座型在载荷、航程上，与单座型略有不同。但也有例外，如美国的F-15E就是双座型，但这个双座型就不是教练型，而是战斗轰炸机，前座舱是飞行员座舱，而后座舱是武器控制舱，两个座舱的功能是截然不同的。随着战斗机承担的任务越来越多，如对地攻击、电子战等，一名飞行员难以满足要求，于是，像F-15E这类的双座战斗机就脱颖而出。\n\n美国在研制五代机的时候，也曾计划研发双座机。然而，五代机同四代机相比，最大的优点就是隐身，而为了隐身，战斗机的所有外挂就要求藏在机身内部，以减少对雷达波的散射。所以，五代机机身内部非常紧凑，如果还要设计双座型，成本将大幅增加。再加上专用教练机和飞行模拟器的发展，使得美俄在研发五代机时，都没有同步研发双座教练型。', 1, '2022-12-07 17:25:58', '本届珠海航展，第五代战斗机歼-20最抢眼。虽然歼-20过去也频频亮相珠海航展，但都是在空中表演完了就飞走了，从没有在地面上做过静态展示，所以，我们观众难以窥见全貌。而此次航展，歼-20首次落地进行静态展示，以供观众近距离参观，满足大家的好奇心和求知欲。\n\n歼-20是中国第一款第五代战斗机，同时，也是', 'http://localhost:8080/ArticleSystem/ArticleSystemImg/166844064628251271.jpg');
INSERT INTO `as_article` VALUES (720, 11, '35中华航展，重磅出击，歼击机20，运20', '本届珠海航展，第五代战斗机歼-20最抢眼。虽然歼-20过去也频频亮相珠海航展，但都是在空中表演完了就飞走了，从没有在地面上做过静态展示，所以，我们观众难以窥见全貌。而此次航展，歼-20首次落地进行静态展示，以供观众近距离参观，满足大家的好奇心和求知欲。\n\n歼-20是中国第一款第五代战斗机，同时，也是世界第一款拥有双座型的第五代战机，美国和俄罗斯都没有研发第五代战斗机的双座型，这是为啥呢？\n\n在五代机之前，各国研发的战斗机时，通常都会以单座型为基础，同时研发一款双座型。比如美国的F-16C单座型战斗机，就有与之配套的双座型F-16D。这个双座型F-16D也称教练型，功能上与单座型F-16C一样，只不过多了个座舱，既可用于作战，也可用来培训飞行员，以满足新老飞行员同乘飞行需求。但毕竟多了个座舱，所以，双座型在载荷、航程上，与单座型略有不同。但也有例外，如美国的F-15E就是双座型，但这个双座型就不是教练型，而是战斗轰炸机，前座舱是飞行员座舱，而后座舱是武器控制舱，两个座舱的功能是截然不同的。随着战斗机承担的任务越来越多，如对地攻击、电子战等，一名飞行员难以满足要求，于是，像F-15E这类的双座战斗机就脱颖而出。\n\n美国在研制五代机的时候，也曾计划研发双座机。然而，五代机同四代机相比，最大的优点就是隐身，而为了隐身，战斗机的所有外挂就要求藏在机身内部，以减少对雷达波的散射。所以，五代机机身内部非常紧凑，如果还要设计双座型，成本将大幅增加。再加上专用教练机和飞行模拟器的发展，使得美俄在研发五代机时，都没有同步研发双座教练型。', 1, '2022-12-07 17:25:58', '本届珠海航展，第五代战斗机歼-20最抢眼。虽然歼-20过去也频频亮相珠海航展，但都是在空中表演完了就飞走了，从没有在地面上做过静态展示，所以，我们观众难以窥见全貌。而此次航展，歼-20首次落地进行静态展示，以供观众近距离参观，满足大家的好奇心和求知欲。\n\n歼-20是中国第一款第五代战斗机，同时，也是', 'http://localhost:8080/ArticleSystem/ArticleSystemImg/166844064628251271.jpg');
INSERT INTO `as_article` VALUES (721, 11, '36中华航展，重磅出击，歼击机20，运20', '本届珠海航展，第五代战斗机歼-20最抢眼。虽然歼-20过去也频频亮相珠海航展，但都是在空中表演完了就飞走了，从没有在地面上做过静态展示，所以，我们观众难以窥见全貌。而此次航展，歼-20首次落地进行静态展示，以供观众近距离参观，满足大家的好奇心和求知欲。\n\n歼-20是中国第一款第五代战斗机，同时，也是世界第一款拥有双座型的第五代战机，美国和俄罗斯都没有研发第五代战斗机的双座型，这是为啥呢？\n\n在五代机之前，各国研发的战斗机时，通常都会以单座型为基础，同时研发一款双座型。比如美国的F-16C单座型战斗机，就有与之配套的双座型F-16D。这个双座型F-16D也称教练型，功能上与单座型F-16C一样，只不过多了个座舱，既可用于作战，也可用来培训飞行员，以满足新老飞行员同乘飞行需求。但毕竟多了个座舱，所以，双座型在载荷、航程上，与单座型略有不同。但也有例外，如美国的F-15E就是双座型，但这个双座型就不是教练型，而是战斗轰炸机，前座舱是飞行员座舱，而后座舱是武器控制舱，两个座舱的功能是截然不同的。随着战斗机承担的任务越来越多，如对地攻击、电子战等，一名飞行员难以满足要求，于是，像F-15E这类的双座战斗机就脱颖而出。\n\n美国在研制五代机的时候，也曾计划研发双座机。然而，五代机同四代机相比，最大的优点就是隐身，而为了隐身，战斗机的所有外挂就要求藏在机身内部，以减少对雷达波的散射。所以，五代机机身内部非常紧凑，如果还要设计双座型，成本将大幅增加。再加上专用教练机和飞行模拟器的发展，使得美俄在研发五代机时，都没有同步研发双座教练型。', 1, '2022-12-07 17:25:58', '本届珠海航展，第五代战斗机歼-20最抢眼。虽然歼-20过去也频频亮相珠海航展，但都是在空中表演完了就飞走了，从没有在地面上做过静态展示，所以，我们观众难以窥见全貌。而此次航展，歼-20首次落地进行静态展示，以供观众近距离参观，满足大家的好奇心和求知欲。\n\n歼-20是中国第一款第五代战斗机，同时，也是', 'http://localhost:8080/ArticleSystem/ArticleSystemImg/166844064628251271.jpg');
INSERT INTO `as_article` VALUES (722, 11, '37中华航展，重磅出击，歼击机20，运20', '本届珠海航展，第五代战斗机歼-20最抢眼。虽然歼-20过去也频频亮相珠海航展，但都是在空中表演完了就飞走了，从没有在地面上做过静态展示，所以，我们观众难以窥见全貌。而此次航展，歼-20首次落地进行静态展示，以供观众近距离参观，满足大家的好奇心和求知欲。\n\n歼-20是中国第一款第五代战斗机，同时，也是世界第一款拥有双座型的第五代战机，美国和俄罗斯都没有研发第五代战斗机的双座型，这是为啥呢？\n\n在五代机之前，各国研发的战斗机时，通常都会以单座型为基础，同时研发一款双座型。比如美国的F-16C单座型战斗机，就有与之配套的双座型F-16D。这个双座型F-16D也称教练型，功能上与单座型F-16C一样，只不过多了个座舱，既可用于作战，也可用来培训飞行员，以满足新老飞行员同乘飞行需求。但毕竟多了个座舱，所以，双座型在载荷、航程上，与单座型略有不同。但也有例外，如美国的F-15E就是双座型，但这个双座型就不是教练型，而是战斗轰炸机，前座舱是飞行员座舱，而后座舱是武器控制舱，两个座舱的功能是截然不同的。随着战斗机承担的任务越来越多，如对地攻击、电子战等，一名飞行员难以满足要求，于是，像F-15E这类的双座战斗机就脱颖而出。\n\n美国在研制五代机的时候，也曾计划研发双座机。然而，五代机同四代机相比，最大的优点就是隐身，而为了隐身，战斗机的所有外挂就要求藏在机身内部，以减少对雷达波的散射。所以，五代机机身内部非常紧凑，如果还要设计双座型，成本将大幅增加。再加上专用教练机和飞行模拟器的发展，使得美俄在研发五代机时，都没有同步研发双座教练型。', 1, '2022-12-07 17:25:58', '本届珠海航展，第五代战斗机歼-20最抢眼。虽然歼-20过去也频频亮相珠海航展，但都是在空中表演完了就飞走了，从没有在地面上做过静态展示，所以，我们观众难以窥见全貌。而此次航展，歼-20首次落地进行静态展示，以供观众近距离参观，满足大家的好奇心和求知欲。\n\n歼-20是中国第一款第五代战斗机，同时，也是', 'http://localhost:8080/ArticleSystem/ArticleSystemImg/166844064628251271.jpg');
INSERT INTO `as_article` VALUES (723, 11, '38中华航展，重磅出击，歼击机20，运20', '本届珠海航展，第五代战斗机歼-20最抢眼。虽然歼-20过去也频频亮相珠海航展，但都是在空中表演完了就飞走了，从没有在地面上做过静态展示，所以，我们观众难以窥见全貌。而此次航展，歼-20首次落地进行静态展示，以供观众近距离参观，满足大家的好奇心和求知欲。\n\n歼-20是中国第一款第五代战斗机，同时，也是世界第一款拥有双座型的第五代战机，美国和俄罗斯都没有研发第五代战斗机的双座型，这是为啥呢？\n\n在五代机之前，各国研发的战斗机时，通常都会以单座型为基础，同时研发一款双座型。比如美国的F-16C单座型战斗机，就有与之配套的双座型F-16D。这个双座型F-16D也称教练型，功能上与单座型F-16C一样，只不过多了个座舱，既可用于作战，也可用来培训飞行员，以满足新老飞行员同乘飞行需求。但毕竟多了个座舱，所以，双座型在载荷、航程上，与单座型略有不同。但也有例外，如美国的F-15E就是双座型，但这个双座型就不是教练型，而是战斗轰炸机，前座舱是飞行员座舱，而后座舱是武器控制舱，两个座舱的功能是截然不同的。随着战斗机承担的任务越来越多，如对地攻击、电子战等，一名飞行员难以满足要求，于是，像F-15E这类的双座战斗机就脱颖而出。\n\n美国在研制五代机的时候，也曾计划研发双座机。然而，五代机同四代机相比，最大的优点就是隐身，而为了隐身，战斗机的所有外挂就要求藏在机身内部，以减少对雷达波的散射。所以，五代机机身内部非常紧凑，如果还要设计双座型，成本将大幅增加。再加上专用教练机和飞行模拟器的发展，使得美俄在研发五代机时，都没有同步研发双座教练型。', 1, '2022-12-07 17:25:58', '本届珠海航展，第五代战斗机歼-20最抢眼。虽然歼-20过去也频频亮相珠海航展，但都是在空中表演完了就飞走了，从没有在地面上做过静态展示，所以，我们观众难以窥见全貌。而此次航展，歼-20首次落地进行静态展示，以供观众近距离参观，满足大家的好奇心和求知欲。\n\n歼-20是中国第一款第五代战斗机，同时，也是', 'http://localhost:8080/ArticleSystem/ArticleSystemImg/166844064628251271.jpg');
INSERT INTO `as_article` VALUES (724, 11, '39中华航展，重磅出击，歼击机20，运20', '本届珠海航展，第五代战斗机歼-20最抢眼。虽然歼-20过去也频频亮相珠海航展，但都是在空中表演完了就飞走了，从没有在地面上做过静态展示，所以，我们观众难以窥见全貌。而此次航展，歼-20首次落地进行静态展示，以供观众近距离参观，满足大家的好奇心和求知欲。\n\n歼-20是中国第一款第五代战斗机，同时，也是世界第一款拥有双座型的第五代战机，美国和俄罗斯都没有研发第五代战斗机的双座型，这是为啥呢？\n\n在五代机之前，各国研发的战斗机时，通常都会以单座型为基础，同时研发一款双座型。比如美国的F-16C单座型战斗机，就有与之配套的双座型F-16D。这个双座型F-16D也称教练型，功能上与单座型F-16C一样，只不过多了个座舱，既可用于作战，也可用来培训飞行员，以满足新老飞行员同乘飞行需求。但毕竟多了个座舱，所以，双座型在载荷、航程上，与单座型略有不同。但也有例外，如美国的F-15E就是双座型，但这个双座型就不是教练型，而是战斗轰炸机，前座舱是飞行员座舱，而后座舱是武器控制舱，两个座舱的功能是截然不同的。随着战斗机承担的任务越来越多，如对地攻击、电子战等，一名飞行员难以满足要求，于是，像F-15E这类的双座战斗机就脱颖而出。\n\n美国在研制五代机的时候，也曾计划研发双座机。然而，五代机同四代机相比，最大的优点就是隐身，而为了隐身，战斗机的所有外挂就要求藏在机身内部，以减少对雷达波的散射。所以，五代机机身内部非常紧凑，如果还要设计双座型，成本将大幅增加。再加上专用教练机和飞行模拟器的发展，使得美俄在研发五代机时，都没有同步研发双座教练型。', 1, '2022-12-07 17:25:58', '本届珠海航展，第五代战斗机歼-20最抢眼。虽然歼-20过去也频频亮相珠海航展，但都是在空中表演完了就飞走了，从没有在地面上做过静态展示，所以，我们观众难以窥见全貌。而此次航展，歼-20首次落地进行静态展示，以供观众近距离参观，满足大家的好奇心和求知欲。\n\n歼-20是中国第一款第五代战斗机，同时，也是', 'http://localhost:8080/ArticleSystem/ArticleSystemImg/166844064628251271.jpg');
INSERT INTO `as_article` VALUES (725, 11, '40中华航展，重磅出击，歼击机20，运20', '本届珠海航展，第五代战斗机歼-20最抢眼。虽然歼-20过去也频频亮相珠海航展，但都是在空中表演完了就飞走了，从没有在地面上做过静态展示，所以，我们观众难以窥见全貌。而此次航展，歼-20首次落地进行静态展示，以供观众近距离参观，满足大家的好奇心和求知欲。\n\n歼-20是中国第一款第五代战斗机，同时，也是世界第一款拥有双座型的第五代战机，美国和俄罗斯都没有研发第五代战斗机的双座型，这是为啥呢？\n\n在五代机之前，各国研发的战斗机时，通常都会以单座型为基础，同时研发一款双座型。比如美国的F-16C单座型战斗机，就有与之配套的双座型F-16D。这个双座型F-16D也称教练型，功能上与单座型F-16C一样，只不过多了个座舱，既可用于作战，也可用来培训飞行员，以满足新老飞行员同乘飞行需求。但毕竟多了个座舱，所以，双座型在载荷、航程上，与单座型略有不同。但也有例外，如美国的F-15E就是双座型，但这个双座型就不是教练型，而是战斗轰炸机，前座舱是飞行员座舱，而后座舱是武器控制舱，两个座舱的功能是截然不同的。随着战斗机承担的任务越来越多，如对地攻击、电子战等，一名飞行员难以满足要求，于是，像F-15E这类的双座战斗机就脱颖而出。\n\n美国在研制五代机的时候，也曾计划研发双座机。然而，五代机同四代机相比，最大的优点就是隐身，而为了隐身，战斗机的所有外挂就要求藏在机身内部，以减少对雷达波的散射。所以，五代机机身内部非常紧凑，如果还要设计双座型，成本将大幅增加。再加上专用教练机和飞行模拟器的发展，使得美俄在研发五代机时，都没有同步研发双座教练型。', 1, '2022-12-07 17:25:58', '本届珠海航展，第五代战斗机歼-20最抢眼。虽然歼-20过去也频频亮相珠海航展，但都是在空中表演完了就飞走了，从没有在地面上做过静态展示，所以，我们观众难以窥见全貌。而此次航展，歼-20首次落地进行静态展示，以供观众近距离参观，满足大家的好奇心和求知欲。\n\n歼-20是中国第一款第五代战斗机，同时，也是', 'http://localhost:8080/ArticleSystem/ArticleSystemImg/166844064628251271.jpg');
INSERT INTO `as_article` VALUES (726, 11, '41中华航展，重磅出击，歼击机20，运20', '本届珠海航展，第五代战斗机歼-20最抢眼。虽然歼-20过去也频频亮相珠海航展，但都是在空中表演完了就飞走了，从没有在地面上做过静态展示，所以，我们观众难以窥见全貌。而此次航展，歼-20首次落地进行静态展示，以供观众近距离参观，满足大家的好奇心和求知欲。\n\n歼-20是中国第一款第五代战斗机，同时，也是世界第一款拥有双座型的第五代战机，美国和俄罗斯都没有研发第五代战斗机的双座型，这是为啥呢？\n\n在五代机之前，各国研发的战斗机时，通常都会以单座型为基础，同时研发一款双座型。比如美国的F-16C单座型战斗机，就有与之配套的双座型F-16D。这个双座型F-16D也称教练型，功能上与单座型F-16C一样，只不过多了个座舱，既可用于作战，也可用来培训飞行员，以满足新老飞行员同乘飞行需求。但毕竟多了个座舱，所以，双座型在载荷、航程上，与单座型略有不同。但也有例外，如美国的F-15E就是双座型，但这个双座型就不是教练型，而是战斗轰炸机，前座舱是飞行员座舱，而后座舱是武器控制舱，两个座舱的功能是截然不同的。随着战斗机承担的任务越来越多，如对地攻击、电子战等，一名飞行员难以满足要求，于是，像F-15E这类的双座战斗机就脱颖而出。\n\n美国在研制五代机的时候，也曾计划研发双座机。然而，五代机同四代机相比，最大的优点就是隐身，而为了隐身，战斗机的所有外挂就要求藏在机身内部，以减少对雷达波的散射。所以，五代机机身内部非常紧凑，如果还要设计双座型，成本将大幅增加。再加上专用教练机和飞行模拟器的发展，使得美俄在研发五代机时，都没有同步研发双座教练型。', 1, '2022-12-07 17:25:58', '本届珠海航展，第五代战斗机歼-20最抢眼。虽然歼-20过去也频频亮相珠海航展，但都是在空中表演完了就飞走了，从没有在地面上做过静态展示，所以，我们观众难以窥见全貌。而此次航展，歼-20首次落地进行静态展示，以供观众近距离参观，满足大家的好奇心和求知欲。\n\n歼-20是中国第一款第五代战斗机，同时，也是', 'http://localhost:8080/ArticleSystem/ArticleSystemImg/166844064628251271.jpg');
INSERT INTO `as_article` VALUES (727, 11, '42中华航展，重磅出击，歼击机20，运20', '本届珠海航展，第五代战斗机歼-20最抢眼。虽然歼-20过去也频频亮相珠海航展，但都是在空中表演完了就飞走了，从没有在地面上做过静态展示，所以，我们观众难以窥见全貌。而此次航展，歼-20首次落地进行静态展示，以供观众近距离参观，满足大家的好奇心和求知欲。\n\n歼-20是中国第一款第五代战斗机，同时，也是世界第一款拥有双座型的第五代战机，美国和俄罗斯都没有研发第五代战斗机的双座型，这是为啥呢？\n\n在五代机之前，各国研发的战斗机时，通常都会以单座型为基础，同时研发一款双座型。比如美国的F-16C单座型战斗机，就有与之配套的双座型F-16D。这个双座型F-16D也称教练型，功能上与单座型F-16C一样，只不过多了个座舱，既可用于作战，也可用来培训飞行员，以满足新老飞行员同乘飞行需求。但毕竟多了个座舱，所以，双座型在载荷、航程上，与单座型略有不同。但也有例外，如美国的F-15E就是双座型，但这个双座型就不是教练型，而是战斗轰炸机，前座舱是飞行员座舱，而后座舱是武器控制舱，两个座舱的功能是截然不同的。随着战斗机承担的任务越来越多，如对地攻击、电子战等，一名飞行员难以满足要求，于是，像F-15E这类的双座战斗机就脱颖而出。\n\n美国在研制五代机的时候，也曾计划研发双座机。然而，五代机同四代机相比，最大的优点就是隐身，而为了隐身，战斗机的所有外挂就要求藏在机身内部，以减少对雷达波的散射。所以，五代机机身内部非常紧凑，如果还要设计双座型，成本将大幅增加。再加上专用教练机和飞行模拟器的发展，使得美俄在研发五代机时，都没有同步研发双座教练型。', 1, '2022-12-07 17:25:58', '本届珠海航展，第五代战斗机歼-20最抢眼。虽然歼-20过去也频频亮相珠海航展，但都是在空中表演完了就飞走了，从没有在地面上做过静态展示，所以，我们观众难以窥见全貌。而此次航展，歼-20首次落地进行静态展示，以供观众近距离参观，满足大家的好奇心和求知欲。\n\n歼-20是中国第一款第五代战斗机，同时，也是', 'http://localhost:8080/ArticleSystem/ArticleSystemImg/166844064628251271.jpg');
INSERT INTO `as_article` VALUES (728, 11, '43中华航展，重磅出击，歼击机20，运20', '本届珠海航展，第五代战斗机歼-20最抢眼。虽然歼-20过去也频频亮相珠海航展，但都是在空中表演完了就飞走了，从没有在地面上做过静态展示，所以，我们观众难以窥见全貌。而此次航展，歼-20首次落地进行静态展示，以供观众近距离参观，满足大家的好奇心和求知欲。\n\n歼-20是中国第一款第五代战斗机，同时，也是世界第一款拥有双座型的第五代战机，美国和俄罗斯都没有研发第五代战斗机的双座型，这是为啥呢？\n\n在五代机之前，各国研发的战斗机时，通常都会以单座型为基础，同时研发一款双座型。比如美国的F-16C单座型战斗机，就有与之配套的双座型F-16D。这个双座型F-16D也称教练型，功能上与单座型F-16C一样，只不过多了个座舱，既可用于作战，也可用来培训飞行员，以满足新老飞行员同乘飞行需求。但毕竟多了个座舱，所以，双座型在载荷、航程上，与单座型略有不同。但也有例外，如美国的F-15E就是双座型，但这个双座型就不是教练型，而是战斗轰炸机，前座舱是飞行员座舱，而后座舱是武器控制舱，两个座舱的功能是截然不同的。随着战斗机承担的任务越来越多，如对地攻击、电子战等，一名飞行员难以满足要求，于是，像F-15E这类的双座战斗机就脱颖而出。\n\n美国在研制五代机的时候，也曾计划研发双座机。然而，五代机同四代机相比，最大的优点就是隐身，而为了隐身，战斗机的所有外挂就要求藏在机身内部，以减少对雷达波的散射。所以，五代机机身内部非常紧凑，如果还要设计双座型，成本将大幅增加。再加上专用教练机和飞行模拟器的发展，使得美俄在研发五代机时，都没有同步研发双座教练型。', 1, '2022-12-07 17:25:58', '本届珠海航展，第五代战斗机歼-20最抢眼。虽然歼-20过去也频频亮相珠海航展，但都是在空中表演完了就飞走了，从没有在地面上做过静态展示，所以，我们观众难以窥见全貌。而此次航展，歼-20首次落地进行静态展示，以供观众近距离参观，满足大家的好奇心和求知欲。\n\n歼-20是中国第一款第五代战斗机，同时，也是', 'http://localhost:8080/ArticleSystem/ArticleSystemImg/166844064628251271.jpg');
INSERT INTO `as_article` VALUES (729, 11, '44中华航展，重磅出击，歼击机20，运20', '本届珠海航展，第五代战斗机歼-20最抢眼。虽然歼-20过去也频频亮相珠海航展，但都是在空中表演完了就飞走了，从没有在地面上做过静态展示，所以，我们观众难以窥见全貌。而此次航展，歼-20首次落地进行静态展示，以供观众近距离参观，满足大家的好奇心和求知欲。\n\n歼-20是中国第一款第五代战斗机，同时，也是世界第一款拥有双座型的第五代战机，美国和俄罗斯都没有研发第五代战斗机的双座型，这是为啥呢？\n\n在五代机之前，各国研发的战斗机时，通常都会以单座型为基础，同时研发一款双座型。比如美国的F-16C单座型战斗机，就有与之配套的双座型F-16D。这个双座型F-16D也称教练型，功能上与单座型F-16C一样，只不过多了个座舱，既可用于作战，也可用来培训飞行员，以满足新老飞行员同乘飞行需求。但毕竟多了个座舱，所以，双座型在载荷、航程上，与单座型略有不同。但也有例外，如美国的F-15E就是双座型，但这个双座型就不是教练型，而是战斗轰炸机，前座舱是飞行员座舱，而后座舱是武器控制舱，两个座舱的功能是截然不同的。随着战斗机承担的任务越来越多，如对地攻击、电子战等，一名飞行员难以满足要求，于是，像F-15E这类的双座战斗机就脱颖而出。\n\n美国在研制五代机的时候，也曾计划研发双座机。然而，五代机同四代机相比，最大的优点就是隐身，而为了隐身，战斗机的所有外挂就要求藏在机身内部，以减少对雷达波的散射。所以，五代机机身内部非常紧凑，如果还要设计双座型，成本将大幅增加。再加上专用教练机和飞行模拟器的发展，使得美俄在研发五代机时，都没有同步研发双座教练型。', 1, '2022-12-07 17:25:58', '本届珠海航展，第五代战斗机歼-20最抢眼。虽然歼-20过去也频频亮相珠海航展，但都是在空中表演完了就飞走了，从没有在地面上做过静态展示，所以，我们观众难以窥见全貌。而此次航展，歼-20首次落地进行静态展示，以供观众近距离参观，满足大家的好奇心和求知欲。\n\n歼-20是中国第一款第五代战斗机，同时，也是', 'http://localhost:8080/ArticleSystem/ArticleSystemImg/166844064628251271.jpg');
INSERT INTO `as_article` VALUES (730, 11, '45中华航展，重磅出击，歼击机20，运20', '本届珠海航展，第五代战斗机歼-20最抢眼。虽然歼-20过去也频频亮相珠海航展，但都是在空中表演完了就飞走了，从没有在地面上做过静态展示，所以，我们观众难以窥见全貌。而此次航展，歼-20首次落地进行静态展示，以供观众近距离参观，满足大家的好奇心和求知欲。\n\n歼-20是中国第一款第五代战斗机，同时，也是世界第一款拥有双座型的第五代战机，美国和俄罗斯都没有研发第五代战斗机的双座型，这是为啥呢？\n\n在五代机之前，各国研发的战斗机时，通常都会以单座型为基础，同时研发一款双座型。比如美国的F-16C单座型战斗机，就有与之配套的双座型F-16D。这个双座型F-16D也称教练型，功能上与单座型F-16C一样，只不过多了个座舱，既可用于作战，也可用来培训飞行员，以满足新老飞行员同乘飞行需求。但毕竟多了个座舱，所以，双座型在载荷、航程上，与单座型略有不同。但也有例外，如美国的F-15E就是双座型，但这个双座型就不是教练型，而是战斗轰炸机，前座舱是飞行员座舱，而后座舱是武器控制舱，两个座舱的功能是截然不同的。随着战斗机承担的任务越来越多，如对地攻击、电子战等，一名飞行员难以满足要求，于是，像F-15E这类的双座战斗机就脱颖而出。\n\n美国在研制五代机的时候，也曾计划研发双座机。然而，五代机同四代机相比，最大的优点就是隐身，而为了隐身，战斗机的所有外挂就要求藏在机身内部，以减少对雷达波的散射。所以，五代机机身内部非常紧凑，如果还要设计双座型，成本将大幅增加。再加上专用教练机和飞行模拟器的发展，使得美俄在研发五代机时，都没有同步研发双座教练型。', 1, '2022-12-07 17:25:58', '本届珠海航展，第五代战斗机歼-20最抢眼。虽然歼-20过去也频频亮相珠海航展，但都是在空中表演完了就飞走了，从没有在地面上做过静态展示，所以，我们观众难以窥见全貌。而此次航展，歼-20首次落地进行静态展示，以供观众近距离参观，满足大家的好奇心和求知欲。\n\n歼-20是中国第一款第五代战斗机，同时，也是', 'http://localhost:8080/ArticleSystem/ArticleSystemImg/166844064628251271.jpg');
INSERT INTO `as_article` VALUES (731, 11, '46中华航展，重磅出击，歼击机20，运20', '本届珠海航展，第五代战斗机歼-20最抢眼。虽然歼-20过去也频频亮相珠海航展，但都是在空中表演完了就飞走了，从没有在地面上做过静态展示，所以，我们观众难以窥见全貌。而此次航展，歼-20首次落地进行静态展示，以供观众近距离参观，满足大家的好奇心和求知欲。\n\n歼-20是中国第一款第五代战斗机，同时，也是世界第一款拥有双座型的第五代战机，美国和俄罗斯都没有研发第五代战斗机的双座型，这是为啥呢？\n\n在五代机之前，各国研发的战斗机时，通常都会以单座型为基础，同时研发一款双座型。比如美国的F-16C单座型战斗机，就有与之配套的双座型F-16D。这个双座型F-16D也称教练型，功能上与单座型F-16C一样，只不过多了个座舱，既可用于作战，也可用来培训飞行员，以满足新老飞行员同乘飞行需求。但毕竟多了个座舱，所以，双座型在载荷、航程上，与单座型略有不同。但也有例外，如美国的F-15E就是双座型，但这个双座型就不是教练型，而是战斗轰炸机，前座舱是飞行员座舱，而后座舱是武器控制舱，两个座舱的功能是截然不同的。随着战斗机承担的任务越来越多，如对地攻击、电子战等，一名飞行员难以满足要求，于是，像F-15E这类的双座战斗机就脱颖而出。\n\n美国在研制五代机的时候，也曾计划研发双座机。然而，五代机同四代机相比，最大的优点就是隐身，而为了隐身，战斗机的所有外挂就要求藏在机身内部，以减少对雷达波的散射。所以，五代机机身内部非常紧凑，如果还要设计双座型，成本将大幅增加。再加上专用教练机和飞行模拟器的发展，使得美俄在研发五代机时，都没有同步研发双座教练型。', 1, '2022-12-07 17:25:58', '本届珠海航展，第五代战斗机歼-20最抢眼。虽然歼-20过去也频频亮相珠海航展，但都是在空中表演完了就飞走了，从没有在地面上做过静态展示，所以，我们观众难以窥见全貌。而此次航展，歼-20首次落地进行静态展示，以供观众近距离参观，满足大家的好奇心和求知欲。\n\n歼-20是中国第一款第五代战斗机，同时，也是', 'http://localhost:8080/ArticleSystem/ArticleSystemImg/166844064628251271.jpg');
INSERT INTO `as_article` VALUES (732, 11, '47中华航展，重磅出击，歼击机20，运20', '本届珠海航展，第五代战斗机歼-20最抢眼。虽然歼-20过去也频频亮相珠海航展，但都是在空中表演完了就飞走了，从没有在地面上做过静态展示，所以，我们观众难以窥见全貌。而此次航展，歼-20首次落地进行静态展示，以供观众近距离参观，满足大家的好奇心和求知欲。\n\n歼-20是中国第一款第五代战斗机，同时，也是世界第一款拥有双座型的第五代战机，美国和俄罗斯都没有研发第五代战斗机的双座型，这是为啥呢？\n\n在五代机之前，各国研发的战斗机时，通常都会以单座型为基础，同时研发一款双座型。比如美国的F-16C单座型战斗机，就有与之配套的双座型F-16D。这个双座型F-16D也称教练型，功能上与单座型F-16C一样，只不过多了个座舱，既可用于作战，也可用来培训飞行员，以满足新老飞行员同乘飞行需求。但毕竟多了个座舱，所以，双座型在载荷、航程上，与单座型略有不同。但也有例外，如美国的F-15E就是双座型，但这个双座型就不是教练型，而是战斗轰炸机，前座舱是飞行员座舱，而后座舱是武器控制舱，两个座舱的功能是截然不同的。随着战斗机承担的任务越来越多，如对地攻击、电子战等，一名飞行员难以满足要求，于是，像F-15E这类的双座战斗机就脱颖而出。\n\n美国在研制五代机的时候，也曾计划研发双座机。然而，五代机同四代机相比，最大的优点就是隐身，而为了隐身，战斗机的所有外挂就要求藏在机身内部，以减少对雷达波的散射。所以，五代机机身内部非常紧凑，如果还要设计双座型，成本将大幅增加。再加上专用教练机和飞行模拟器的发展，使得美俄在研发五代机时，都没有同步研发双座教练型。', 1, '2022-12-07 17:25:58', '本届珠海航展，第五代战斗机歼-20最抢眼。虽然歼-20过去也频频亮相珠海航展，但都是在空中表演完了就飞走了，从没有在地面上做过静态展示，所以，我们观众难以窥见全貌。而此次航展，歼-20首次落地进行静态展示，以供观众近距离参观，满足大家的好奇心和求知欲。\n\n歼-20是中国第一款第五代战斗机，同时，也是', 'http://localhost:8080/ArticleSystem/ArticleSystemImg/166844064628251271.jpg');
INSERT INTO `as_article` VALUES (733, 11, '48中华航展，重磅出击，歼击机20，运20', '本届珠海航展，第五代战斗机歼-20最抢眼。虽然歼-20过去也频频亮相珠海航展，但都是在空中表演完了就飞走了，从没有在地面上做过静态展示，所以，我们观众难以窥见全貌。而此次航展，歼-20首次落地进行静态展示，以供观众近距离参观，满足大家的好奇心和求知欲。\n\n歼-20是中国第一款第五代战斗机，同时，也是世界第一款拥有双座型的第五代战机，美国和俄罗斯都没有研发第五代战斗机的双座型，这是为啥呢？\n\n在五代机之前，各国研发的战斗机时，通常都会以单座型为基础，同时研发一款双座型。比如美国的F-16C单座型战斗机，就有与之配套的双座型F-16D。这个双座型F-16D也称教练型，功能上与单座型F-16C一样，只不过多了个座舱，既可用于作战，也可用来培训飞行员，以满足新老飞行员同乘飞行需求。但毕竟多了个座舱，所以，双座型在载荷、航程上，与单座型略有不同。但也有例外，如美国的F-15E就是双座型，但这个双座型就不是教练型，而是战斗轰炸机，前座舱是飞行员座舱，而后座舱是武器控制舱，两个座舱的功能是截然不同的。随着战斗机承担的任务越来越多，如对地攻击、电子战等，一名飞行员难以满足要求，于是，像F-15E这类的双座战斗机就脱颖而出。\n\n美国在研制五代机的时候，也曾计划研发双座机。然而，五代机同四代机相比，最大的优点就是隐身，而为了隐身，战斗机的所有外挂就要求藏在机身内部，以减少对雷达波的散射。所以，五代机机身内部非常紧凑，如果还要设计双座型，成本将大幅增加。再加上专用教练机和飞行模拟器的发展，使得美俄在研发五代机时，都没有同步研发双座教练型。', 1, '2022-12-07 17:25:58', '本届珠海航展，第五代战斗机歼-20最抢眼。虽然歼-20过去也频频亮相珠海航展，但都是在空中表演完了就飞走了，从没有在地面上做过静态展示，所以，我们观众难以窥见全貌。而此次航展，歼-20首次落地进行静态展示，以供观众近距离参观，满足大家的好奇心和求知欲。\n\n歼-20是中国第一款第五代战斗机，同时，也是', 'http://localhost:8080/ArticleSystem/ArticleSystemImg/166844064628251271.jpg');
INSERT INTO `as_article` VALUES (716, 11, '31中华航展，重磅出击，歼击机20，运20', '本届珠海航展，第五代战斗机歼-20最抢眼。虽然歼-20过去也频频亮相珠海航展，但都是在空中表演完了就飞走了，从没有在地面上做过静态展示，所以，我们观众难以窥见全貌。而此次航展，歼-20首次落地进行静态展示，以供观众近距离参观，满足大家的好奇心和求知欲。\n\n歼-20是中国第一款第五代战斗机，同时，也是世界第一款拥有双座型的第五代战机，美国和俄罗斯都没有研发第五代战斗机的双座型，这是为啥呢？\n\n在五代机之前，各国研发的战斗机时，通常都会以单座型为基础，同时研发一款双座型。比如美国的F-16C单座型战斗机，就有与之配套的双座型F-16D。这个双座型F-16D也称教练型，功能上与单座型F-16C一样，只不过多了个座舱，既可用于作战，也可用来培训飞行员，以满足新老飞行员同乘飞行需求。但毕竟多了个座舱，所以，双座型在载荷、航程上，与单座型略有不同。但也有例外，如美国的F-15E就是双座型，但这个双座型就不是教练型，而是战斗轰炸机，前座舱是飞行员座舱，而后座舱是武器控制舱，两个座舱的功能是截然不同的。随着战斗机承担的任务越来越多，如对地攻击、电子战等，一名飞行员难以满足要求，于是，像F-15E这类的双座战斗机就脱颖而出。\n\n美国在研制五代机的时候，也曾计划研发双座机。然而，五代机同四代机相比，最大的优点就是隐身，而为了隐身，战斗机的所有外挂就要求藏在机身内部，以减少对雷达波的散射。所以，五代机机身内部非常紧凑，如果还要设计双座型，成本将大幅增加。再加上专用教练机和飞行模拟器的发展，使得美俄在研发五代机时，都没有同步研发双座教练型。', 1, '2022-12-07 17:25:58', '本届珠海航展，第五代战斗机歼-20最抢眼。虽然歼-20过去也频频亮相珠海航展，但都是在空中表演完了就飞走了，从没有在地面上做过静态展示，所以，我们观众难以窥见全貌。而此次航展，歼-20首次落地进行静态展示，以供观众近距离参观，满足大家的好奇心和求知欲。\n\n歼-20是中国第一款第五代战斗机，同时，也是', 'http://localhost:8080/ArticleSystem/ArticleSystemImg/166844064628251271.jpg');
INSERT INTO `as_article` VALUES (715, 11, '30中华航展，重磅出击，歼击机20，运20', '本届珠海航展，第五代战斗机歼-20最抢眼。虽然歼-20过去也频频亮相珠海航展，但都是在空中表演完了就飞走了，从没有在地面上做过静态展示，所以，我们观众难以窥见全貌。而此次航展，歼-20首次落地进行静态展示，以供观众近距离参观，满足大家的好奇心和求知欲。\n\n歼-20是中国第一款第五代战斗机，同时，也是世界第一款拥有双座型的第五代战机，美国和俄罗斯都没有研发第五代战斗机的双座型，这是为啥呢？\n\n在五代机之前，各国研发的战斗机时，通常都会以单座型为基础，同时研发一款双座型。比如美国的F-16C单座型战斗机，就有与之配套的双座型F-16D。这个双座型F-16D也称教练型，功能上与单座型F-16C一样，只不过多了个座舱，既可用于作战，也可用来培训飞行员，以满足新老飞行员同乘飞行需求。但毕竟多了个座舱，所以，双座型在载荷、航程上，与单座型略有不同。但也有例外，如美国的F-15E就是双座型，但这个双座型就不是教练型，而是战斗轰炸机，前座舱是飞行员座舱，而后座舱是武器控制舱，两个座舱的功能是截然不同的。随着战斗机承担的任务越来越多，如对地攻击、电子战等，一名飞行员难以满足要求，于是，像F-15E这类的双座战斗机就脱颖而出。\n\n美国在研制五代机的时候，也曾计划研发双座机。然而，五代机同四代机相比，最大的优点就是隐身，而为了隐身，战斗机的所有外挂就要求藏在机身内部，以减少对雷达波的散射。所以，五代机机身内部非常紧凑，如果还要设计双座型，成本将大幅增加。再加上专用教练机和飞行模拟器的发展，使得美俄在研发五代机时，都没有同步研发双座教练型。', 1, '2022-12-07 17:25:58', '本届珠海航展，第五代战斗机歼-20最抢眼。虽然歼-20过去也频频亮相珠海航展，但都是在空中表演完了就飞走了，从没有在地面上做过静态展示，所以，我们观众难以窥见全貌。而此次航展，歼-20首次落地进行静态展示，以供观众近距离参观，满足大家的好奇心和求知欲。\n\n歼-20是中国第一款第五代战斗机，同时，也是', 'http://localhost:8080/ArticleSystem/ArticleSystemImg/166844064628251271.jpg');
INSERT INTO `as_article` VALUES (714, 11, '29中华航展，重磅出击，歼击机20，运20', '本届珠海航展，第五代战斗机歼-20最抢眼。虽然歼-20过去也频频亮相珠海航展，但都是在空中表演完了就飞走了，从没有在地面上做过静态展示，所以，我们观众难以窥见全貌。而此次航展，歼-20首次落地进行静态展示，以供观众近距离参观，满足大家的好奇心和求知欲。\n\n歼-20是中国第一款第五代战斗机，同时，也是世界第一款拥有双座型的第五代战机，美国和俄罗斯都没有研发第五代战斗机的双座型，这是为啥呢？\n\n在五代机之前，各国研发的战斗机时，通常都会以单座型为基础，同时研发一款双座型。比如美国的F-16C单座型战斗机，就有与之配套的双座型F-16D。这个双座型F-16D也称教练型，功能上与单座型F-16C一样，只不过多了个座舱，既可用于作战，也可用来培训飞行员，以满足新老飞行员同乘飞行需求。但毕竟多了个座舱，所以，双座型在载荷、航程上，与单座型略有不同。但也有例外，如美国的F-15E就是双座型，但这个双座型就不是教练型，而是战斗轰炸机，前座舱是飞行员座舱，而后座舱是武器控制舱，两个座舱的功能是截然不同的。随着战斗机承担的任务越来越多，如对地攻击、电子战等，一名飞行员难以满足要求，于是，像F-15E这类的双座战斗机就脱颖而出。\n\n美国在研制五代机的时候，也曾计划研发双座机。然而，五代机同四代机相比，最大的优点就是隐身，而为了隐身，战斗机的所有外挂就要求藏在机身内部，以减少对雷达波的散射。所以，五代机机身内部非常紧凑，如果还要设计双座型，成本将大幅增加。再加上专用教练机和飞行模拟器的发展，使得美俄在研发五代机时，都没有同步研发双座教练型。', 1, '2022-12-07 17:25:58', '本届珠海航展，第五代战斗机歼-20最抢眼。虽然歼-20过去也频频亮相珠海航展，但都是在空中表演完了就飞走了，从没有在地面上做过静态展示，所以，我们观众难以窥见全貌。而此次航展，歼-20首次落地进行静态展示，以供观众近距离参观，满足大家的好奇心和求知欲。\n\n歼-20是中国第一款第五代战斗机，同时，也是', 'http://localhost:8080/ArticleSystem/ArticleSystemImg/166844064628251271.jpg');
INSERT INTO `as_article` VALUES (713, 11, '28中华航展，重磅出击，歼击机20，运20', '本届珠海航展，第五代战斗机歼-20最抢眼。虽然歼-20过去也频频亮相珠海航展，但都是在空中表演完了就飞走了，从没有在地面上做过静态展示，所以，我们观众难以窥见全貌。而此次航展，歼-20首次落地进行静态展示，以供观众近距离参观，满足大家的好奇心和求知欲。\n\n歼-20是中国第一款第五代战斗机，同时，也是世界第一款拥有双座型的第五代战机，美国和俄罗斯都没有研发第五代战斗机的双座型，这是为啥呢？\n\n在五代机之前，各国研发的战斗机时，通常都会以单座型为基础，同时研发一款双座型。比如美国的F-16C单座型战斗机，就有与之配套的双座型F-16D。这个双座型F-16D也称教练型，功能上与单座型F-16C一样，只不过多了个座舱，既可用于作战，也可用来培训飞行员，以满足新老飞行员同乘飞行需求。但毕竟多了个座舱，所以，双座型在载荷、航程上，与单座型略有不同。但也有例外，如美国的F-15E就是双座型，但这个双座型就不是教练型，而是战斗轰炸机，前座舱是飞行员座舱，而后座舱是武器控制舱，两个座舱的功能是截然不同的。随着战斗机承担的任务越来越多，如对地攻击、电子战等，一名飞行员难以满足要求，于是，像F-15E这类的双座战斗机就脱颖而出。\n\n美国在研制五代机的时候，也曾计划研发双座机。然而，五代机同四代机相比，最大的优点就是隐身，而为了隐身，战斗机的所有外挂就要求藏在机身内部，以减少对雷达波的散射。所以，五代机机身内部非常紧凑，如果还要设计双座型，成本将大幅增加。再加上专用教练机和飞行模拟器的发展，使得美俄在研发五代机时，都没有同步研发双座教练型。', 1, '2022-12-07 17:25:58', '本届珠海航展，第五代战斗机歼-20最抢眼。虽然歼-20过去也频频亮相珠海航展，但都是在空中表演完了就飞走了，从没有在地面上做过静态展示，所以，我们观众难以窥见全貌。而此次航展，歼-20首次落地进行静态展示，以供观众近距离参观，满足大家的好奇心和求知欲。\n\n歼-20是中国第一款第五代战斗机，同时，也是', 'http://localhost:8080/ArticleSystem/ArticleSystemImg/166844064628251271.jpg');
INSERT INTO `as_article` VALUES (712, 11, '27中华航展，重磅出击，歼击机20，运20', '本届珠海航展，第五代战斗机歼-20最抢眼。虽然歼-20过去也频频亮相珠海航展，但都是在空中表演完了就飞走了，从没有在地面上做过静态展示，所以，我们观众难以窥见全貌。而此次航展，歼-20首次落地进行静态展示，以供观众近距离参观，满足大家的好奇心和求知欲。\n\n歼-20是中国第一款第五代战斗机，同时，也是世界第一款拥有双座型的第五代战机，美国和俄罗斯都没有研发第五代战斗机的双座型，这是为啥呢？\n\n在五代机之前，各国研发的战斗机时，通常都会以单座型为基础，同时研发一款双座型。比如美国的F-16C单座型战斗机，就有与之配套的双座型F-16D。这个双座型F-16D也称教练型，功能上与单座型F-16C一样，只不过多了个座舱，既可用于作战，也可用来培训飞行员，以满足新老飞行员同乘飞行需求。但毕竟多了个座舱，所以，双座型在载荷、航程上，与单座型略有不同。但也有例外，如美国的F-15E就是双座型，但这个双座型就不是教练型，而是战斗轰炸机，前座舱是飞行员座舱，而后座舱是武器控制舱，两个座舱的功能是截然不同的。随着战斗机承担的任务越来越多，如对地攻击、电子战等，一名飞行员难以满足要求，于是，像F-15E这类的双座战斗机就脱颖而出。\n\n美国在研制五代机的时候，也曾计划研发双座机。然而，五代机同四代机相比，最大的优点就是隐身，而为了隐身，战斗机的所有外挂就要求藏在机身内部，以减少对雷达波的散射。所以，五代机机身内部非常紧凑，如果还要设计双座型，成本将大幅增加。再加上专用教练机和飞行模拟器的发展，使得美俄在研发五代机时，都没有同步研发双座教练型。', 1, '2022-12-07 17:25:58', '本届珠海航展，第五代战斗机歼-20最抢眼。虽然歼-20过去也频频亮相珠海航展，但都是在空中表演完了就飞走了，从没有在地面上做过静态展示，所以，我们观众难以窥见全貌。而此次航展，歼-20首次落地进行静态展示，以供观众近距离参观，满足大家的好奇心和求知欲。\n\n歼-20是中国第一款第五代战斗机，同时，也是', 'http://localhost:8080/ArticleSystem/ArticleSystemImg/166844064628251271.jpg');
INSERT INTO `as_article` VALUES (711, 11, '26中华航展，重磅出击，歼击机20，运20', '本届珠海航展，第五代战斗机歼-20最抢眼。虽然歼-20过去也频频亮相珠海航展，但都是在空中表演完了就飞走了，从没有在地面上做过静态展示，所以，我们观众难以窥见全貌。而此次航展，歼-20首次落地进行静态展示，以供观众近距离参观，满足大家的好奇心和求知欲。\n\n歼-20是中国第一款第五代战斗机，同时，也是世界第一款拥有双座型的第五代战机，美国和俄罗斯都没有研发第五代战斗机的双座型，这是为啥呢？\n\n在五代机之前，各国研发的战斗机时，通常都会以单座型为基础，同时研发一款双座型。比如美国的F-16C单座型战斗机，就有与之配套的双座型F-16D。这个双座型F-16D也称教练型，功能上与单座型F-16C一样，只不过多了个座舱，既可用于作战，也可用来培训飞行员，以满足新老飞行员同乘飞行需求。但毕竟多了个座舱，所以，双座型在载荷、航程上，与单座型略有不同。但也有例外，如美国的F-15E就是双座型，但这个双座型就不是教练型，而是战斗轰炸机，前座舱是飞行员座舱，而后座舱是武器控制舱，两个座舱的功能是截然不同的。随着战斗机承担的任务越来越多，如对地攻击、电子战等，一名飞行员难以满足要求，于是，像F-15E这类的双座战斗机就脱颖而出。\n\n美国在研制五代机的时候，也曾计划研发双座机。然而，五代机同四代机相比，最大的优点就是隐身，而为了隐身，战斗机的所有外挂就要求藏在机身内部，以减少对雷达波的散射。所以，五代机机身内部非常紧凑，如果还要设计双座型，成本将大幅增加。再加上专用教练机和飞行模拟器的发展，使得美俄在研发五代机时，都没有同步研发双座教练型。', 1, '2022-12-07 17:25:58', '本届珠海航展，第五代战斗机歼-20最抢眼。虽然歼-20过去也频频亮相珠海航展，但都是在空中表演完了就飞走了，从没有在地面上做过静态展示，所以，我们观众难以窥见全貌。而此次航展，歼-20首次落地进行静态展示，以供观众近距离参观，满足大家的好奇心和求知欲。\n\n歼-20是中国第一款第五代战斗机，同时，也是', 'http://localhost:8080/ArticleSystem/ArticleSystemImg/166844064628251271.jpg');
INSERT INTO `as_article` VALUES (710, 11, '25中华航展，重磅出击，歼击机20，运20', '本届珠海航展，第五代战斗机歼-20最抢眼。虽然歼-20过去也频频亮相珠海航展，但都是在空中表演完了就飞走了，从没有在地面上做过静态展示，所以，我们观众难以窥见全貌。而此次航展，歼-20首次落地进行静态展示，以供观众近距离参观，满足大家的好奇心和求知欲。\n\n歼-20是中国第一款第五代战斗机，同时，也是世界第一款拥有双座型的第五代战机，美国和俄罗斯都没有研发第五代战斗机的双座型，这是为啥呢？\n\n在五代机之前，各国研发的战斗机时，通常都会以单座型为基础，同时研发一款双座型。比如美国的F-16C单座型战斗机，就有与之配套的双座型F-16D。这个双座型F-16D也称教练型，功能上与单座型F-16C一样，只不过多了个座舱，既可用于作战，也可用来培训飞行员，以满足新老飞行员同乘飞行需求。但毕竟多了个座舱，所以，双座型在载荷、航程上，与单座型略有不同。但也有例外，如美国的F-15E就是双座型，但这个双座型就不是教练型，而是战斗轰炸机，前座舱是飞行员座舱，而后座舱是武器控制舱，两个座舱的功能是截然不同的。随着战斗机承担的任务越来越多，如对地攻击、电子战等，一名飞行员难以满足要求，于是，像F-15E这类的双座战斗机就脱颖而出。\n\n美国在研制五代机的时候，也曾计划研发双座机。然而，五代机同四代机相比，最大的优点就是隐身，而为了隐身，战斗机的所有外挂就要求藏在机身内部，以减少对雷达波的散射。所以，五代机机身内部非常紧凑，如果还要设计双座型，成本将大幅增加。再加上专用教练机和飞行模拟器的发展，使得美俄在研发五代机时，都没有同步研发双座教练型。', 1, '2022-12-07 17:25:58', '本届珠海航展，第五代战斗机歼-20最抢眼。虽然歼-20过去也频频亮相珠海航展，但都是在空中表演完了就飞走了，从没有在地面上做过静态展示，所以，我们观众难以窥见全貌。而此次航展，歼-20首次落地进行静态展示，以供观众近距离参观，满足大家的好奇心和求知欲。\n\n歼-20是中国第一款第五代战斗机，同时，也是', 'http://localhost:8080/ArticleSystem/ArticleSystemImg/166844064628251271.jpg');
INSERT INTO `as_article` VALUES (709, 11, '24中华航展，重磅出击，歼击机20，运20', '本届珠海航展，第五代战斗机歼-20最抢眼。虽然歼-20过去也频频亮相珠海航展，但都是在空中表演完了就飞走了，从没有在地面上做过静态展示，所以，我们观众难以窥见全貌。而此次航展，歼-20首次落地进行静态展示，以供观众近距离参观，满足大家的好奇心和求知欲。\n\n歼-20是中国第一款第五代战斗机，同时，也是世界第一款拥有双座型的第五代战机，美国和俄罗斯都没有研发第五代战斗机的双座型，这是为啥呢？\n\n在五代机之前，各国研发的战斗机时，通常都会以单座型为基础，同时研发一款双座型。比如美国的F-16C单座型战斗机，就有与之配套的双座型F-16D。这个双座型F-16D也称教练型，功能上与单座型F-16C一样，只不过多了个座舱，既可用于作战，也可用来培训飞行员，以满足新老飞行员同乘飞行需求。但毕竟多了个座舱，所以，双座型在载荷、航程上，与单座型略有不同。但也有例外，如美国的F-15E就是双座型，但这个双座型就不是教练型，而是战斗轰炸机，前座舱是飞行员座舱，而后座舱是武器控制舱，两个座舱的功能是截然不同的。随着战斗机承担的任务越来越多，如对地攻击、电子战等，一名飞行员难以满足要求，于是，像F-15E这类的双座战斗机就脱颖而出。\n\n美国在研制五代机的时候，也曾计划研发双座机。然而，五代机同四代机相比，最大的优点就是隐身，而为了隐身，战斗机的所有外挂就要求藏在机身内部，以减少对雷达波的散射。所以，五代机机身内部非常紧凑，如果还要设计双座型，成本将大幅增加。再加上专用教练机和飞行模拟器的发展，使得美俄在研发五代机时，都没有同步研发双座教练型。', 1, '2022-12-07 17:25:58', '本届珠海航展，第五代战斗机歼-20最抢眼。虽然歼-20过去也频频亮相珠海航展，但都是在空中表演完了就飞走了，从没有在地面上做过静态展示，所以，我们观众难以窥见全貌。而此次航展，歼-20首次落地进行静态展示，以供观众近距离参观，满足大家的好奇心和求知欲。\n\n歼-20是中国第一款第五代战斗机，同时，也是', 'http://localhost:8080/ArticleSystem/ArticleSystemImg/166844064628251271.jpg');
INSERT INTO `as_article` VALUES (708, 11, '23中华航展，重磅出击，歼击机20，运20', '本届珠海航展，第五代战斗机歼-20最抢眼。虽然歼-20过去也频频亮相珠海航展，但都是在空中表演完了就飞走了，从没有在地面上做过静态展示，所以，我们观众难以窥见全貌。而此次航展，歼-20首次落地进行静态展示，以供观众近距离参观，满足大家的好奇心和求知欲。\n\n歼-20是中国第一款第五代战斗机，同时，也是世界第一款拥有双座型的第五代战机，美国和俄罗斯都没有研发第五代战斗机的双座型，这是为啥呢？\n\n在五代机之前，各国研发的战斗机时，通常都会以单座型为基础，同时研发一款双座型。比如美国的F-16C单座型战斗机，就有与之配套的双座型F-16D。这个双座型F-16D也称教练型，功能上与单座型F-16C一样，只不过多了个座舱，既可用于作战，也可用来培训飞行员，以满足新老飞行员同乘飞行需求。但毕竟多了个座舱，所以，双座型在载荷、航程上，与单座型略有不同。但也有例外，如美国的F-15E就是双座型，但这个双座型就不是教练型，而是战斗轰炸机，前座舱是飞行员座舱，而后座舱是武器控制舱，两个座舱的功能是截然不同的。随着战斗机承担的任务越来越多，如对地攻击、电子战等，一名飞行员难以满足要求，于是，像F-15E这类的双座战斗机就脱颖而出。\n\n美国在研制五代机的时候，也曾计划研发双座机。然而，五代机同四代机相比，最大的优点就是隐身，而为了隐身，战斗机的所有外挂就要求藏在机身内部，以减少对雷达波的散射。所以，五代机机身内部非常紧凑，如果还要设计双座型，成本将大幅增加。再加上专用教练机和飞行模拟器的发展，使得美俄在研发五代机时，都没有同步研发双座教练型。', 1, '2022-12-07 17:25:58', '本届珠海航展，第五代战斗机歼-20最抢眼。虽然歼-20过去也频频亮相珠海航展，但都是在空中表演完了就飞走了，从没有在地面上做过静态展示，所以，我们观众难以窥见全貌。而此次航展，歼-20首次落地进行静态展示，以供观众近距离参观，满足大家的好奇心和求知欲。\n\n歼-20是中国第一款第五代战斗机，同时，也是', 'http://localhost:8080/ArticleSystem/ArticleSystemImg/166844064628251271.jpg');
INSERT INTO `as_article` VALUES (707, 11, '22中华航展，重磅出击，歼击机20，运20', '本届珠海航展，第五代战斗机歼-20最抢眼。虽然歼-20过去也频频亮相珠海航展，但都是在空中表演完了就飞走了，从没有在地面上做过静态展示，所以，我们观众难以窥见全貌。而此次航展，歼-20首次落地进行静态展示，以供观众近距离参观，满足大家的好奇心和求知欲。\n\n歼-20是中国第一款第五代战斗机，同时，也是世界第一款拥有双座型的第五代战机，美国和俄罗斯都没有研发第五代战斗机的双座型，这是为啥呢？\n\n在五代机之前，各国研发的战斗机时，通常都会以单座型为基础，同时研发一款双座型。比如美国的F-16C单座型战斗机，就有与之配套的双座型F-16D。这个双座型F-16D也称教练型，功能上与单座型F-16C一样，只不过多了个座舱，既可用于作战，也可用来培训飞行员，以满足新老飞行员同乘飞行需求。但毕竟多了个座舱，所以，双座型在载荷、航程上，与单座型略有不同。但也有例外，如美国的F-15E就是双座型，但这个双座型就不是教练型，而是战斗轰炸机，前座舱是飞行员座舱，而后座舱是武器控制舱，两个座舱的功能是截然不同的。随着战斗机承担的任务越来越多，如对地攻击、电子战等，一名飞行员难以满足要求，于是，像F-15E这类的双座战斗机就脱颖而出。\n\n美国在研制五代机的时候，也曾计划研发双座机。然而，五代机同四代机相比，最大的优点就是隐身，而为了隐身，战斗机的所有外挂就要求藏在机身内部，以减少对雷达波的散射。所以，五代机机身内部非常紧凑，如果还要设计双座型，成本将大幅增加。再加上专用教练机和飞行模拟器的发展，使得美俄在研发五代机时，都没有同步研发双座教练型。', 1, '2022-12-07 17:25:58', '本届珠海航展，第五代战斗机歼-20最抢眼。虽然歼-20过去也频频亮相珠海航展，但都是在空中表演完了就飞走了，从没有在地面上做过静态展示，所以，我们观众难以窥见全貌。而此次航展，歼-20首次落地进行静态展示，以供观众近距离参观，满足大家的好奇心和求知欲。\n\n歼-20是中国第一款第五代战斗机，同时，也是', 'http://localhost:8080/ArticleSystem/ArticleSystemImg/166844064628251271.jpg');
INSERT INTO `as_article` VALUES (706, 11, '21中华航展，重磅出击，歼击机20，运20', '本届珠海航展，第五代战斗机歼-20最抢眼。虽然歼-20过去也频频亮相珠海航展，但都是在空中表演完了就飞走了，从没有在地面上做过静态展示，所以，我们观众难以窥见全貌。而此次航展，歼-20首次落地进行静态展示，以供观众近距离参观，满足大家的好奇心和求知欲。\n\n歼-20是中国第一款第五代战斗机，同时，也是世界第一款拥有双座型的第五代战机，美国和俄罗斯都没有研发第五代战斗机的双座型，这是为啥呢？\n\n在五代机之前，各国研发的战斗机时，通常都会以单座型为基础，同时研发一款双座型。比如美国的F-16C单座型战斗机，就有与之配套的双座型F-16D。这个双座型F-16D也称教练型，功能上与单座型F-16C一样，只不过多了个座舱，既可用于作战，也可用来培训飞行员，以满足新老飞行员同乘飞行需求。但毕竟多了个座舱，所以，双座型在载荷、航程上，与单座型略有不同。但也有例外，如美国的F-15E就是双座型，但这个双座型就不是教练型，而是战斗轰炸机，前座舱是飞行员座舱，而后座舱是武器控制舱，两个座舱的功能是截然不同的。随着战斗机承担的任务越来越多，如对地攻击、电子战等，一名飞行员难以满足要求，于是，像F-15E这类的双座战斗机就脱颖而出。\n\n美国在研制五代机的时候，也曾计划研发双座机。然而，五代机同四代机相比，最大的优点就是隐身，而为了隐身，战斗机的所有外挂就要求藏在机身内部，以减少对雷达波的散射。所以，五代机机身内部非常紧凑，如果还要设计双座型，成本将大幅增加。再加上专用教练机和飞行模拟器的发展，使得美俄在研发五代机时，都没有同步研发双座教练型。', 1, '2022-12-07 17:25:58', '本届珠海航展，第五代战斗机歼-20最抢眼。虽然歼-20过去也频频亮相珠海航展，但都是在空中表演完了就飞走了，从没有在地面上做过静态展示，所以，我们观众难以窥见全貌。而此次航展，歼-20首次落地进行静态展示，以供观众近距离参观，满足大家的好奇心和求知欲。\n\n歼-20是中国第一款第五代战斗机，同时，也是', 'http://localhost:8080/ArticleSystem/ArticleSystemImg/166844064628251271.jpg');
INSERT INTO `as_article` VALUES (705, 11, '20中华航展，重磅出击，歼击机20，运20', '本届珠海航展，第五代战斗机歼-20最抢眼。虽然歼-20过去也频频亮相珠海航展，但都是在空中表演完了就飞走了，从没有在地面上做过静态展示，所以，我们观众难以窥见全貌。而此次航展，歼-20首次落地进行静态展示，以供观众近距离参观，满足大家的好奇心和求知欲。\n\n歼-20是中国第一款第五代战斗机，同时，也是世界第一款拥有双座型的第五代战机，美国和俄罗斯都没有研发第五代战斗机的双座型，这是为啥呢？\n\n在五代机之前，各国研发的战斗机时，通常都会以单座型为基础，同时研发一款双座型。比如美国的F-16C单座型战斗机，就有与之配套的双座型F-16D。这个双座型F-16D也称教练型，功能上与单座型F-16C一样，只不过多了个座舱，既可用于作战，也可用来培训飞行员，以满足新老飞行员同乘飞行需求。但毕竟多了个座舱，所以，双座型在载荷、航程上，与单座型略有不同。但也有例外，如美国的F-15E就是双座型，但这个双座型就不是教练型，而是战斗轰炸机，前座舱是飞行员座舱，而后座舱是武器控制舱，两个座舱的功能是截然不同的。随着战斗机承担的任务越来越多，如对地攻击、电子战等，一名飞行员难以满足要求，于是，像F-15E这类的双座战斗机就脱颖而出。\n\n美国在研制五代机的时候，也曾计划研发双座机。然而，五代机同四代机相比，最大的优点就是隐身，而为了隐身，战斗机的所有外挂就要求藏在机身内部，以减少对雷达波的散射。所以，五代机机身内部非常紧凑，如果还要设计双座型，成本将大幅增加。再加上专用教练机和飞行模拟器的发展，使得美俄在研发五代机时，都没有同步研发双座教练型。', 1, '2022-12-07 17:25:58', '本届珠海航展，第五代战斗机歼-20最抢眼。虽然歼-20过去也频频亮相珠海航展，但都是在空中表演完了就飞走了，从没有在地面上做过静态展示，所以，我们观众难以窥见全貌。而此次航展，歼-20首次落地进行静态展示，以供观众近距离参观，满足大家的好奇心和求知欲。\n\n歼-20是中国第一款第五代战斗机，同时，也是', 'http://localhost:8080/ArticleSystem/ArticleSystemImg/166844064628251271.jpg');
INSERT INTO `as_article` VALUES (704, 11, '19中华航展，重磅出击，歼击机20，运20', '本届珠海航展，第五代战斗机歼-20最抢眼。虽然歼-20过去也频频亮相珠海航展，但都是在空中表演完了就飞走了，从没有在地面上做过静态展示，所以，我们观众难以窥见全貌。而此次航展，歼-20首次落地进行静态展示，以供观众近距离参观，满足大家的好奇心和求知欲。\n\n歼-20是中国第一款第五代战斗机，同时，也是世界第一款拥有双座型的第五代战机，美国和俄罗斯都没有研发第五代战斗机的双座型，这是为啥呢？\n\n在五代机之前，各国研发的战斗机时，通常都会以单座型为基础，同时研发一款双座型。比如美国的F-16C单座型战斗机，就有与之配套的双座型F-16D。这个双座型F-16D也称教练型，功能上与单座型F-16C一样，只不过多了个座舱，既可用于作战，也可用来培训飞行员，以满足新老飞行员同乘飞行需求。但毕竟多了个座舱，所以，双座型在载荷、航程上，与单座型略有不同。但也有例外，如美国的F-15E就是双座型，但这个双座型就不是教练型，而是战斗轰炸机，前座舱是飞行员座舱，而后座舱是武器控制舱，两个座舱的功能是截然不同的。随着战斗机承担的任务越来越多，如对地攻击、电子战等，一名飞行员难以满足要求，于是，像F-15E这类的双座战斗机就脱颖而出。\n\n美国在研制五代机的时候，也曾计划研发双座机。然而，五代机同四代机相比，最大的优点就是隐身，而为了隐身，战斗机的所有外挂就要求藏在机身内部，以减少对雷达波的散射。所以，五代机机身内部非常紧凑，如果还要设计双座型，成本将大幅增加。再加上专用教练机和飞行模拟器的发展，使得美俄在研发五代机时，都没有同步研发双座教练型。', 1, '2022-12-07 17:25:58', '本届珠海航展，第五代战斗机歼-20最抢眼。虽然歼-20过去也频频亮相珠海航展，但都是在空中表演完了就飞走了，从没有在地面上做过静态展示，所以，我们观众难以窥见全貌。而此次航展，歼-20首次落地进行静态展示，以供观众近距离参观，满足大家的好奇心和求知欲。\n\n歼-20是中国第一款第五代战斗机，同时，也是', 'http://localhost:8080/ArticleSystem/ArticleSystemImg/166844064628251271.jpg');
INSERT INTO `as_article` VALUES (703, 11, '18中华航展，重磅出击，歼击机20，运20', '本届珠海航展，第五代战斗机歼-20最抢眼。虽然歼-20过去也频频亮相珠海航展，但都是在空中表演完了就飞走了，从没有在地面上做过静态展示，所以，我们观众难以窥见全貌。而此次航展，歼-20首次落地进行静态展示，以供观众近距离参观，满足大家的好奇心和求知欲。\n\n歼-20是中国第一款第五代战斗机，同时，也是世界第一款拥有双座型的第五代战机，美国和俄罗斯都没有研发第五代战斗机的双座型，这是为啥呢？\n\n在五代机之前，各国研发的战斗机时，通常都会以单座型为基础，同时研发一款双座型。比如美国的F-16C单座型战斗机，就有与之配套的双座型F-16D。这个双座型F-16D也称教练型，功能上与单座型F-16C一样，只不过多了个座舱，既可用于作战，也可用来培训飞行员，以满足新老飞行员同乘飞行需求。但毕竟多了个座舱，所以，双座型在载荷、航程上，与单座型略有不同。但也有例外，如美国的F-15E就是双座型，但这个双座型就不是教练型，而是战斗轰炸机，前座舱是飞行员座舱，而后座舱是武器控制舱，两个座舱的功能是截然不同的。随着战斗机承担的任务越来越多，如对地攻击、电子战等，一名飞行员难以满足要求，于是，像F-15E这类的双座战斗机就脱颖而出。\n\n美国在研制五代机的时候，也曾计划研发双座机。然而，五代机同四代机相比，最大的优点就是隐身，而为了隐身，战斗机的所有外挂就要求藏在机身内部，以减少对雷达波的散射。所以，五代机机身内部非常紧凑，如果还要设计双座型，成本将大幅增加。再加上专用教练机和飞行模拟器的发展，使得美俄在研发五代机时，都没有同步研发双座教练型。', 1, '2022-12-07 17:25:58', '本届珠海航展，第五代战斗机歼-20最抢眼。虽然歼-20过去也频频亮相珠海航展，但都是在空中表演完了就飞走了，从没有在地面上做过静态展示，所以，我们观众难以窥见全貌。而此次航展，歼-20首次落地进行静态展示，以供观众近距离参观，满足大家的好奇心和求知欲。\n\n歼-20是中国第一款第五代战斗机，同时，也是', 'http://localhost:8080/ArticleSystem/ArticleSystemImg/166844064628251271.jpg');
INSERT INTO `as_article` VALUES (702, 11, '17中华航展，重磅出击，歼击机20，运20', '本届珠海航展，第五代战斗机歼-20最抢眼。虽然歼-20过去也频频亮相珠海航展，但都是在空中表演完了就飞走了，从没有在地面上做过静态展示，所以，我们观众难以窥见全貌。而此次航展，歼-20首次落地进行静态展示，以供观众近距离参观，满足大家的好奇心和求知欲。\n\n歼-20是中国第一款第五代战斗机，同时，也是世界第一款拥有双座型的第五代战机，美国和俄罗斯都没有研发第五代战斗机的双座型，这是为啥呢？\n\n在五代机之前，各国研发的战斗机时，通常都会以单座型为基础，同时研发一款双座型。比如美国的F-16C单座型战斗机，就有与之配套的双座型F-16D。这个双座型F-16D也称教练型，功能上与单座型F-16C一样，只不过多了个座舱，既可用于作战，也可用来培训飞行员，以满足新老飞行员同乘飞行需求。但毕竟多了个座舱，所以，双座型在载荷、航程上，与单座型略有不同。但也有例外，如美国的F-15E就是双座型，但这个双座型就不是教练型，而是战斗轰炸机，前座舱是飞行员座舱，而后座舱是武器控制舱，两个座舱的功能是截然不同的。随着战斗机承担的任务越来越多，如对地攻击、电子战等，一名飞行员难以满足要求，于是，像F-15E这类的双座战斗机就脱颖而出。\n\n美国在研制五代机的时候，也曾计划研发双座机。然而，五代机同四代机相比，最大的优点就是隐身，而为了隐身，战斗机的所有外挂就要求藏在机身内部，以减少对雷达波的散射。所以，五代机机身内部非常紧凑，如果还要设计双座型，成本将大幅增加。再加上专用教练机和飞行模拟器的发展，使得美俄在研发五代机时，都没有同步研发双座教练型。', 1, '2022-12-07 17:25:58', '本届珠海航展，第五代战斗机歼-20最抢眼。虽然歼-20过去也频频亮相珠海航展，但都是在空中表演完了就飞走了，从没有在地面上做过静态展示，所以，我们观众难以窥见全貌。而此次航展，歼-20首次落地进行静态展示，以供观众近距离参观，满足大家的好奇心和求知欲。\n\n歼-20是中国第一款第五代战斗机，同时，也是', 'http://localhost:8080/ArticleSystem/ArticleSystemImg/166844064628251271.jpg');
INSERT INTO `as_article` VALUES (701, 11, '16中华航展，重磅出击，歼击机20，运20', '本届珠海航展，第五代战斗机歼-20最抢眼。虽然歼-20过去也频频亮相珠海航展，但都是在空中表演完了就飞走了，从没有在地面上做过静态展示，所以，我们观众难以窥见全貌。而此次航展，歼-20首次落地进行静态展示，以供观众近距离参观，满足大家的好奇心和求知欲。\n\n歼-20是中国第一款第五代战斗机，同时，也是世界第一款拥有双座型的第五代战机，美国和俄罗斯都没有研发第五代战斗机的双座型，这是为啥呢？\n\n在五代机之前，各国研发的战斗机时，通常都会以单座型为基础，同时研发一款双座型。比如美国的F-16C单座型战斗机，就有与之配套的双座型F-16D。这个双座型F-16D也称教练型，功能上与单座型F-16C一样，只不过多了个座舱，既可用于作战，也可用来培训飞行员，以满足新老飞行员同乘飞行需求。但毕竟多了个座舱，所以，双座型在载荷、航程上，与单座型略有不同。但也有例外，如美国的F-15E就是双座型，但这个双座型就不是教练型，而是战斗轰炸机，前座舱是飞行员座舱，而后座舱是武器控制舱，两个座舱的功能是截然不同的。随着战斗机承担的任务越来越多，如对地攻击、电子战等，一名飞行员难以满足要求，于是，像F-15E这类的双座战斗机就脱颖而出。\n\n美国在研制五代机的时候，也曾计划研发双座机。然而，五代机同四代机相比，最大的优点就是隐身，而为了隐身，战斗机的所有外挂就要求藏在机身内部，以减少对雷达波的散射。所以，五代机机身内部非常紧凑，如果还要设计双座型，成本将大幅增加。再加上专用教练机和飞行模拟器的发展，使得美俄在研发五代机时，都没有同步研发双座教练型。', 1, '2022-12-07 17:25:58', '本届珠海航展，第五代战斗机歼-20最抢眼。虽然歼-20过去也频频亮相珠海航展，但都是在空中表演完了就飞走了，从没有在地面上做过静态展示，所以，我们观众难以窥见全貌。而此次航展，歼-20首次落地进行静态展示，以供观众近距离参观，满足大家的好奇心和求知欲。\n\n歼-20是中国第一款第五代战斗机，同时，也是', 'http://localhost:8080/ArticleSystem/ArticleSystemImg/166844064628251271.jpg');
INSERT INTO `as_article` VALUES (700, 11, '15中华航展，重磅出击，歼击机20，运20', '本届珠海航展，第五代战斗机歼-20最抢眼。虽然歼-20过去也频频亮相珠海航展，但都是在空中表演完了就飞走了，从没有在地面上做过静态展示，所以，我们观众难以窥见全貌。而此次航展，歼-20首次落地进行静态展示，以供观众近距离参观，满足大家的好奇心和求知欲。\n\n歼-20是中国第一款第五代战斗机，同时，也是世界第一款拥有双座型的第五代战机，美国和俄罗斯都没有研发第五代战斗机的双座型，这是为啥呢？\n\n在五代机之前，各国研发的战斗机时，通常都会以单座型为基础，同时研发一款双座型。比如美国的F-16C单座型战斗机，就有与之配套的双座型F-16D。这个双座型F-16D也称教练型，功能上与单座型F-16C一样，只不过多了个座舱，既可用于作战，也可用来培训飞行员，以满足新老飞行员同乘飞行需求。但毕竟多了个座舱，所以，双座型在载荷、航程上，与单座型略有不同。但也有例外，如美国的F-15E就是双座型，但这个双座型就不是教练型，而是战斗轰炸机，前座舱是飞行员座舱，而后座舱是武器控制舱，两个座舱的功能是截然不同的。随着战斗机承担的任务越来越多，如对地攻击、电子战等，一名飞行员难以满足要求，于是，像F-15E这类的双座战斗机就脱颖而出。\n\n美国在研制五代机的时候，也曾计划研发双座机。然而，五代机同四代机相比，最大的优点就是隐身，而为了隐身，战斗机的所有外挂就要求藏在机身内部，以减少对雷达波的散射。所以，五代机机身内部非常紧凑，如果还要设计双座型，成本将大幅增加。再加上专用教练机和飞行模拟器的发展，使得美俄在研发五代机时，都没有同步研发双座教练型。', 1, '2022-12-07 17:25:58', '本届珠海航展，第五代战斗机歼-20最抢眼。虽然歼-20过去也频频亮相珠海航展，但都是在空中表演完了就飞走了，从没有在地面上做过静态展示，所以，我们观众难以窥见全貌。而此次航展，歼-20首次落地进行静态展示，以供观众近距离参观，满足大家的好奇心和求知欲。\n\n歼-20是中国第一款第五代战斗机，同时，也是', 'http://localhost:8080/ArticleSystem/ArticleSystemImg/166844064628251271.jpg');
INSERT INTO `as_article` VALUES (699, 11, '14中华航展，重磅出击，歼击机20，运20', '本届珠海航展，第五代战斗机歼-20最抢眼。虽然歼-20过去也频频亮相珠海航展，但都是在空中表演完了就飞走了，从没有在地面上做过静态展示，所以，我们观众难以窥见全貌。而此次航展，歼-20首次落地进行静态展示，以供观众近距离参观，满足大家的好奇心和求知欲。\n\n歼-20是中国第一款第五代战斗机，同时，也是世界第一款拥有双座型的第五代战机，美国和俄罗斯都没有研发第五代战斗机的双座型，这是为啥呢？\n\n在五代机之前，各国研发的战斗机时，通常都会以单座型为基础，同时研发一款双座型。比如美国的F-16C单座型战斗机，就有与之配套的双座型F-16D。这个双座型F-16D也称教练型，功能上与单座型F-16C一样，只不过多了个座舱，既可用于作战，也可用来培训飞行员，以满足新老飞行员同乘飞行需求。但毕竟多了个座舱，所以，双座型在载荷、航程上，与单座型略有不同。但也有例外，如美国的F-15E就是双座型，但这个双座型就不是教练型，而是战斗轰炸机，前座舱是飞行员座舱，而后座舱是武器控制舱，两个座舱的功能是截然不同的。随着战斗机承担的任务越来越多，如对地攻击、电子战等，一名飞行员难以满足要求，于是，像F-15E这类的双座战斗机就脱颖而出。\n\n美国在研制五代机的时候，也曾计划研发双座机。然而，五代机同四代机相比，最大的优点就是隐身，而为了隐身，战斗机的所有外挂就要求藏在机身内部，以减少对雷达波的散射。所以，五代机机身内部非常紧凑，如果还要设计双座型，成本将大幅增加。再加上专用教练机和飞行模拟器的发展，使得美俄在研发五代机时，都没有同步研发双座教练型。', 1, '2022-12-07 17:25:58', '本届珠海航展，第五代战斗机歼-20最抢眼。虽然歼-20过去也频频亮相珠海航展，但都是在空中表演完了就飞走了，从没有在地面上做过静态展示，所以，我们观众难以窥见全貌。而此次航展，歼-20首次落地进行静态展示，以供观众近距离参观，满足大家的好奇心和求知欲。\n\n歼-20是中国第一款第五代战斗机，同时，也是', 'http://localhost:8080/ArticleSystem/ArticleSystemImg/166844064628251271.jpg');
INSERT INTO `as_article` VALUES (698, 11, '13中华航展，重磅出击，歼击机20，运20', '本届珠海航展，第五代战斗机歼-20最抢眼。虽然歼-20过去也频频亮相珠海航展，但都是在空中表演完了就飞走了，从没有在地面上做过静态展示，所以，我们观众难以窥见全貌。而此次航展，歼-20首次落地进行静态展示，以供观众近距离参观，满足大家的好奇心和求知欲。\n\n歼-20是中国第一款第五代战斗机，同时，也是世界第一款拥有双座型的第五代战机，美国和俄罗斯都没有研发第五代战斗机的双座型，这是为啥呢？\n\n在五代机之前，各国研发的战斗机时，通常都会以单座型为基础，同时研发一款双座型。比如美国的F-16C单座型战斗机，就有与之配套的双座型F-16D。这个双座型F-16D也称教练型，功能上与单座型F-16C一样，只不过多了个座舱，既可用于作战，也可用来培训飞行员，以满足新老飞行员同乘飞行需求。但毕竟多了个座舱，所以，双座型在载荷、航程上，与单座型略有不同。但也有例外，如美国的F-15E就是双座型，但这个双座型就不是教练型，而是战斗轰炸机，前座舱是飞行员座舱，而后座舱是武器控制舱，两个座舱的功能是截然不同的。随着战斗机承担的任务越来越多，如对地攻击、电子战等，一名飞行员难以满足要求，于是，像F-15E这类的双座战斗机就脱颖而出。\n\n美国在研制五代机的时候，也曾计划研发双座机。然而，五代机同四代机相比，最大的优点就是隐身，而为了隐身，战斗机的所有外挂就要求藏在机身内部，以减少对雷达波的散射。所以，五代机机身内部非常紧凑，如果还要设计双座型，成本将大幅增加。再加上专用教练机和飞行模拟器的发展，使得美俄在研发五代机时，都没有同步研发双座教练型。', 1, '2022-12-07 17:25:58', '本届珠海航展，第五代战斗机歼-20最抢眼。虽然歼-20过去也频频亮相珠海航展，但都是在空中表演完了就飞走了，从没有在地面上做过静态展示，所以，我们观众难以窥见全貌。而此次航展，歼-20首次落地进行静态展示，以供观众近距离参观，满足大家的好奇心和求知欲。\n\n歼-20是中国第一款第五代战斗机，同时，也是', 'http://localhost:8080/ArticleSystem/ArticleSystemImg/166844064628251271.jpg');
INSERT INTO `as_article` VALUES (697, 11, '12中华航展，重磅出击，歼击机20，运20', '本届珠海航展，第五代战斗机歼-20最抢眼。虽然歼-20过去也频频亮相珠海航展，但都是在空中表演完了就飞走了，从没有在地面上做过静态展示，所以，我们观众难以窥见全貌。而此次航展，歼-20首次落地进行静态展示，以供观众近距离参观，满足大家的好奇心和求知欲。\n\n歼-20是中国第一款第五代战斗机，同时，也是世界第一款拥有双座型的第五代战机，美国和俄罗斯都没有研发第五代战斗机的双座型，这是为啥呢？\n\n在五代机之前，各国研发的战斗机时，通常都会以单座型为基础，同时研发一款双座型。比如美国的F-16C单座型战斗机，就有与之配套的双座型F-16D。这个双座型F-16D也称教练型，功能上与单座型F-16C一样，只不过多了个座舱，既可用于作战，也可用来培训飞行员，以满足新老飞行员同乘飞行需求。但毕竟多了个座舱，所以，双座型在载荷、航程上，与单座型略有不同。但也有例外，如美国的F-15E就是双座型，但这个双座型就不是教练型，而是战斗轰炸机，前座舱是飞行员座舱，而后座舱是武器控制舱，两个座舱的功能是截然不同的。随着战斗机承担的任务越来越多，如对地攻击、电子战等，一名飞行员难以满足要求，于是，像F-15E这类的双座战斗机就脱颖而出。\n\n美国在研制五代机的时候，也曾计划研发双座机。然而，五代机同四代机相比，最大的优点就是隐身，而为了隐身，战斗机的所有外挂就要求藏在机身内部，以减少对雷达波的散射。所以，五代机机身内部非常紧凑，如果还要设计双座型，成本将大幅增加。再加上专用教练机和飞行模拟器的发展，使得美俄在研发五代机时，都没有同步研发双座教练型。', 1, '2022-12-07 17:25:58', '本届珠海航展，第五代战斗机歼-20最抢眼。虽然歼-20过去也频频亮相珠海航展，但都是在空中表演完了就飞走了，从没有在地面上做过静态展示，所以，我们观众难以窥见全貌。而此次航展，歼-20首次落地进行静态展示，以供观众近距离参观，满足大家的好奇心和求知欲。\n\n歼-20是中国第一款第五代战斗机，同时，也是', 'http://localhost:8080/ArticleSystem/ArticleSystemImg/166844064628251271.jpg');
INSERT INTO `as_article` VALUES (696, 11, '11中华航展，重磅出击，歼击机20，运20', '本届珠海航展，第五代战斗机歼-20最抢眼。虽然歼-20过去也频频亮相珠海航展，但都是在空中表演完了就飞走了，从没有在地面上做过静态展示，所以，我们观众难以窥见全貌。而此次航展，歼-20首次落地进行静态展示，以供观众近距离参观，满足大家的好奇心和求知欲。\n\n歼-20是中国第一款第五代战斗机，同时，也是世界第一款拥有双座型的第五代战机，美国和俄罗斯都没有研发第五代战斗机的双座型，这是为啥呢？\n\n在五代机之前，各国研发的战斗机时，通常都会以单座型为基础，同时研发一款双座型。比如美国的F-16C单座型战斗机，就有与之配套的双座型F-16D。这个双座型F-16D也称教练型，功能上与单座型F-16C一样，只不过多了个座舱，既可用于作战，也可用来培训飞行员，以满足新老飞行员同乘飞行需求。但毕竟多了个座舱，所以，双座型在载荷、航程上，与单座型略有不同。但也有例外，如美国的F-15E就是双座型，但这个双座型就不是教练型，而是战斗轰炸机，前座舱是飞行员座舱，而后座舱是武器控制舱，两个座舱的功能是截然不同的。随着战斗机承担的任务越来越多，如对地攻击、电子战等，一名飞行员难以满足要求，于是，像F-15E这类的双座战斗机就脱颖而出。\n\n美国在研制五代机的时候，也曾计划研发双座机。然而，五代机同四代机相比，最大的优点就是隐身，而为了隐身，战斗机的所有外挂就要求藏在机身内部，以减少对雷达波的散射。所以，五代机机身内部非常紧凑，如果还要设计双座型，成本将大幅增加。再加上专用教练机和飞行模拟器的发展，使得美俄在研发五代机时，都没有同步研发双座教练型。', 1, '2022-12-07 17:25:58', '本届珠海航展，第五代战斗机歼-20最抢眼。虽然歼-20过去也频频亮相珠海航展，但都是在空中表演完了就飞走了，从没有在地面上做过静态展示，所以，我们观众难以窥见全貌。而此次航展，歼-20首次落地进行静态展示，以供观众近距离参观，满足大家的好奇心和求知欲。\n\n歼-20是中国第一款第五代战斗机，同时，也是', 'http://localhost:8080/ArticleSystem/ArticleSystemImg/166844064628251271.jpg');
INSERT INTO `as_article` VALUES (695, 11, '10中华航展，重磅出击，歼击机20，运20', '本届珠海航展，第五代战斗机歼-20最抢眼。虽然歼-20过去也频频亮相珠海航展，但都是在空中表演完了就飞走了，从没有在地面上做过静态展示，所以，我们观众难以窥见全貌。而此次航展，歼-20首次落地进行静态展示，以供观众近距离参观，满足大家的好奇心和求知欲。\n\n歼-20是中国第一款第五代战斗机，同时，也是世界第一款拥有双座型的第五代战机，美国和俄罗斯都没有研发第五代战斗机的双座型，这是为啥呢？\n\n在五代机之前，各国研发的战斗机时，通常都会以单座型为基础，同时研发一款双座型。比如美国的F-16C单座型战斗机，就有与之配套的双座型F-16D。这个双座型F-16D也称教练型，功能上与单座型F-16C一样，只不过多了个座舱，既可用于作战，也可用来培训飞行员，以满足新老飞行员同乘飞行需求。但毕竟多了个座舱，所以，双座型在载荷、航程上，与单座型略有不同。但也有例外，如美国的F-15E就是双座型，但这个双座型就不是教练型，而是战斗轰炸机，前座舱是飞行员座舱，而后座舱是武器控制舱，两个座舱的功能是截然不同的。随着战斗机承担的任务越来越多，如对地攻击、电子战等，一名飞行员难以满足要求，于是，像F-15E这类的双座战斗机就脱颖而出。\n\n美国在研制五代机的时候，也曾计划研发双座机。然而，五代机同四代机相比，最大的优点就是隐身，而为了隐身，战斗机的所有外挂就要求藏在机身内部，以减少对雷达波的散射。所以，五代机机身内部非常紧凑，如果还要设计双座型，成本将大幅增加。再加上专用教练机和飞行模拟器的发展，使得美俄在研发五代机时，都没有同步研发双座教练型。', 1, '2022-12-07 17:25:58', '本届珠海航展，第五代战斗机歼-20最抢眼。虽然歼-20过去也频频亮相珠海航展，但都是在空中表演完了就飞走了，从没有在地面上做过静态展示，所以，我们观众难以窥见全貌。而此次航展，歼-20首次落地进行静态展示，以供观众近距离参观，满足大家的好奇心和求知欲。\n\n歼-20是中国第一款第五代战斗机，同时，也是', 'http://localhost:8080/ArticleSystem/ArticleSystemImg/166844064628251271.jpg');
INSERT INTO `as_article` VALUES (694, 11, '9中华航展，重磅出击，歼击机20，运20', '本届珠海航展，第五代战斗机歼-20最抢眼。虽然歼-20过去也频频亮相珠海航展，但都是在空中表演完了就飞走了，从没有在地面上做过静态展示，所以，我们观众难以窥见全貌。而此次航展，歼-20首次落地进行静态展示，以供观众近距离参观，满足大家的好奇心和求知欲。\n\n歼-20是中国第一款第五代战斗机，同时，也是世界第一款拥有双座型的第五代战机，美国和俄罗斯都没有研发第五代战斗机的双座型，这是为啥呢？\n\n在五代机之前，各国研发的战斗机时，通常都会以单座型为基础，同时研发一款双座型。比如美国的F-16C单座型战斗机，就有与之配套的双座型F-16D。这个双座型F-16D也称教练型，功能上与单座型F-16C一样，只不过多了个座舱，既可用于作战，也可用来培训飞行员，以满足新老飞行员同乘飞行需求。但毕竟多了个座舱，所以，双座型在载荷、航程上，与单座型略有不同。但也有例外，如美国的F-15E就是双座型，但这个双座型就不是教练型，而是战斗轰炸机，前座舱是飞行员座舱，而后座舱是武器控制舱，两个座舱的功能是截然不同的。随着战斗机承担的任务越来越多，如对地攻击、电子战等，一名飞行员难以满足要求，于是，像F-15E这类的双座战斗机就脱颖而出。\n\n美国在研制五代机的时候，也曾计划研发双座机。然而，五代机同四代机相比，最大的优点就是隐身，而为了隐身，战斗机的所有外挂就要求藏在机身内部，以减少对雷达波的散射。所以，五代机机身内部非常紧凑，如果还要设计双座型，成本将大幅增加。再加上专用教练机和飞行模拟器的发展，使得美俄在研发五代机时，都没有同步研发双座教练型。', 1, '2022-12-07 17:25:58', '本届珠海航展，第五代战斗机歼-20最抢眼。虽然歼-20过去也频频亮相珠海航展，但都是在空中表演完了就飞走了，从没有在地面上做过静态展示，所以，我们观众难以窥见全貌。而此次航展，歼-20首次落地进行静态展示，以供观众近距离参观，满足大家的好奇心和求知欲。\n\n歼-20是中国第一款第五代战斗机，同时，也是', 'http://localhost:8080/ArticleSystem/ArticleSystemImg/166844064628251271.jpg');
INSERT INTO `as_article` VALUES (693, 11, '8中华航展，重磅出击，歼击机20，运20', '本届珠海航展，第五代战斗机歼-20最抢眼。虽然歼-20过去也频频亮相珠海航展，但都是在空中表演完了就飞走了，从没有在地面上做过静态展示，所以，我们观众难以窥见全貌。而此次航展，歼-20首次落地进行静态展示，以供观众近距离参观，满足大家的好奇心和求知欲。\n\n歼-20是中国第一款第五代战斗机，同时，也是世界第一款拥有双座型的第五代战机，美国和俄罗斯都没有研发第五代战斗机的双座型，这是为啥呢？\n\n在五代机之前，各国研发的战斗机时，通常都会以单座型为基础，同时研发一款双座型。比如美国的F-16C单座型战斗机，就有与之配套的双座型F-16D。这个双座型F-16D也称教练型，功能上与单座型F-16C一样，只不过多了个座舱，既可用于作战，也可用来培训飞行员，以满足新老飞行员同乘飞行需求。但毕竟多了个座舱，所以，双座型在载荷、航程上，与单座型略有不同。但也有例外，如美国的F-15E就是双座型，但这个双座型就不是教练型，而是战斗轰炸机，前座舱是飞行员座舱，而后座舱是武器控制舱，两个座舱的功能是截然不同的。随着战斗机承担的任务越来越多，如对地攻击、电子战等，一名飞行员难以满足要求，于是，像F-15E这类的双座战斗机就脱颖而出。\n\n美国在研制五代机的时候，也曾计划研发双座机。然而，五代机同四代机相比，最大的优点就是隐身，而为了隐身，战斗机的所有外挂就要求藏在机身内部，以减少对雷达波的散射。所以，五代机机身内部非常紧凑，如果还要设计双座型，成本将大幅增加。再加上专用教练机和飞行模拟器的发展，使得美俄在研发五代机时，都没有同步研发双座教练型。', 1, '2022-12-07 17:25:58', '本届珠海航展，第五代战斗机歼-20最抢眼。虽然歼-20过去也频频亮相珠海航展，但都是在空中表演完了就飞走了，从没有在地面上做过静态展示，所以，我们观众难以窥见全貌。而此次航展，歼-20首次落地进行静态展示，以供观众近距离参观，满足大家的好奇心和求知欲。\n\n歼-20是中国第一款第五代战斗机，同时，也是', 'http://localhost:8080/ArticleSystem/ArticleSystemImg/166844064628251271.jpg');
INSERT INTO `as_article` VALUES (692, 11, '7中华航展，重磅出击，歼击机20，运20', '本届珠海航展，第五代战斗机歼-20最抢眼。虽然歼-20过去也频频亮相珠海航展，但都是在空中表演完了就飞走了，从没有在地面上做过静态展示，所以，我们观众难以窥见全貌。而此次航展，歼-20首次落地进行静态展示，以供观众近距离参观，满足大家的好奇心和求知欲。\n\n歼-20是中国第一款第五代战斗机，同时，也是世界第一款拥有双座型的第五代战机，美国和俄罗斯都没有研发第五代战斗机的双座型，这是为啥呢？\n\n在五代机之前，各国研发的战斗机时，通常都会以单座型为基础，同时研发一款双座型。比如美国的F-16C单座型战斗机，就有与之配套的双座型F-16D。这个双座型F-16D也称教练型，功能上与单座型F-16C一样，只不过多了个座舱，既可用于作战，也可用来培训飞行员，以满足新老飞行员同乘飞行需求。但毕竟多了个座舱，所以，双座型在载荷、航程上，与单座型略有不同。但也有例外，如美国的F-15E就是双座型，但这个双座型就不是教练型，而是战斗轰炸机，前座舱是飞行员座舱，而后座舱是武器控制舱，两个座舱的功能是截然不同的。随着战斗机承担的任务越来越多，如对地攻击、电子战等，一名飞行员难以满足要求，于是，像F-15E这类的双座战斗机就脱颖而出。\n\n美国在研制五代机的时候，也曾计划研发双座机。然而，五代机同四代机相比，最大的优点就是隐身，而为了隐身，战斗机的所有外挂就要求藏在机身内部，以减少对雷达波的散射。所以，五代机机身内部非常紧凑，如果还要设计双座型，成本将大幅增加。再加上专用教练机和飞行模拟器的发展，使得美俄在研发五代机时，都没有同步研发双座教练型。', 1, '2022-12-07 17:25:58', '本届珠海航展，第五代战斗机歼-20最抢眼。虽然歼-20过去也频频亮相珠海航展，但都是在空中表演完了就飞走了，从没有在地面上做过静态展示，所以，我们观众难以窥见全貌。而此次航展，歼-20首次落地进行静态展示，以供观众近距离参观，满足大家的好奇心和求知欲。\n\n歼-20是中国第一款第五代战斗机，同时，也是', 'http://localhost:8080/ArticleSystem/ArticleSystemImg/166844064628251271.jpg');
INSERT INTO `as_article` VALUES (691, 11, '6中华航展，重磅出击，歼击机20，运20', '本届珠海航展，第五代战斗机歼-20最抢眼。虽然歼-20过去也频频亮相珠海航展，但都是在空中表演完了就飞走了，从没有在地面上做过静态展示，所以，我们观众难以窥见全貌。而此次航展，歼-20首次落地进行静态展示，以供观众近距离参观，满足大家的好奇心和求知欲。\n\n歼-20是中国第一款第五代战斗机，同时，也是世界第一款拥有双座型的第五代战机，美国和俄罗斯都没有研发第五代战斗机的双座型，这是为啥呢？\n\n在五代机之前，各国研发的战斗机时，通常都会以单座型为基础，同时研发一款双座型。比如美国的F-16C单座型战斗机，就有与之配套的双座型F-16D。这个双座型F-16D也称教练型，功能上与单座型F-16C一样，只不过多了个座舱，既可用于作战，也可用来培训飞行员，以满足新老飞行员同乘飞行需求。但毕竟多了个座舱，所以，双座型在载荷、航程上，与单座型略有不同。但也有例外，如美国的F-15E就是双座型，但这个双座型就不是教练型，而是战斗轰炸机，前座舱是飞行员座舱，而后座舱是武器控制舱，两个座舱的功能是截然不同的。随着战斗机承担的任务越来越多，如对地攻击、电子战等，一名飞行员难以满足要求，于是，像F-15E这类的双座战斗机就脱颖而出。\n\n美国在研制五代机的时候，也曾计划研发双座机。然而，五代机同四代机相比，最大的优点就是隐身，而为了隐身，战斗机的所有外挂就要求藏在机身内部，以减少对雷达波的散射。所以，五代机机身内部非常紧凑，如果还要设计双座型，成本将大幅增加。再加上专用教练机和飞行模拟器的发展，使得美俄在研发五代机时，都没有同步研发双座教练型。', 1, '2022-12-07 17:25:58', '本届珠海航展，第五代战斗机歼-20最抢眼。虽然歼-20过去也频频亮相珠海航展，但都是在空中表演完了就飞走了，从没有在地面上做过静态展示，所以，我们观众难以窥见全貌。而此次航展，歼-20首次落地进行静态展示，以供观众近距离参观，满足大家的好奇心和求知欲。\n\n歼-20是中国第一款第五代战斗机，同时，也是', 'http://localhost:8080/ArticleSystem/ArticleSystemImg/166844064628251271.jpg');
INSERT INTO `as_article` VALUES (690, 11, '5中华航展，重磅出击，歼击机20，运20', '本届珠海航展，第五代战斗机歼-20最抢眼。虽然歼-20过去也频频亮相珠海航展，但都是在空中表演完了就飞走了，从没有在地面上做过静态展示，所以，我们观众难以窥见全貌。而此次航展，歼-20首次落地进行静态展示，以供观众近距离参观，满足大家的好奇心和求知欲。\n\n歼-20是中国第一款第五代战斗机，同时，也是世界第一款拥有双座型的第五代战机，美国和俄罗斯都没有研发第五代战斗机的双座型，这是为啥呢？\n\n在五代机之前，各国研发的战斗机时，通常都会以单座型为基础，同时研发一款双座型。比如美国的F-16C单座型战斗机，就有与之配套的双座型F-16D。这个双座型F-16D也称教练型，功能上与单座型F-16C一样，只不过多了个座舱，既可用于作战，也可用来培训飞行员，以满足新老飞行员同乘飞行需求。但毕竟多了个座舱，所以，双座型在载荷、航程上，与单座型略有不同。但也有例外，如美国的F-15E就是双座型，但这个双座型就不是教练型，而是战斗轰炸机，前座舱是飞行员座舱，而后座舱是武器控制舱，两个座舱的功能是截然不同的。随着战斗机承担的任务越来越多，如对地攻击、电子战等，一名飞行员难以满足要求，于是，像F-15E这类的双座战斗机就脱颖而出。\n\n美国在研制五代机的时候，也曾计划研发双座机。然而，五代机同四代机相比，最大的优点就是隐身，而为了隐身，战斗机的所有外挂就要求藏在机身内部，以减少对雷达波的散射。所以，五代机机身内部非常紧凑，如果还要设计双座型，成本将大幅增加。再加上专用教练机和飞行模拟器的发展，使得美俄在研发五代机时，都没有同步研发双座教练型。', 1, '2022-12-07 17:25:58', '本届珠海航展，第五代战斗机歼-20最抢眼。虽然歼-20过去也频频亮相珠海航展，但都是在空中表演完了就飞走了，从没有在地面上做过静态展示，所以，我们观众难以窥见全貌。而此次航展，歼-20首次落地进行静态展示，以供观众近距离参观，满足大家的好奇心和求知欲。\n\n歼-20是中国第一款第五代战斗机，同时，也是', 'http://localhost:8080/ArticleSystem/ArticleSystemImg/166844064628251271.jpg');
INSERT INTO `as_article` VALUES (689, 11, '4中华航展，重磅出击，歼击机20，运20', '本届珠海航展，第五代战斗机歼-20最抢眼。虽然歼-20过去也频频亮相珠海航展，但都是在空中表演完了就飞走了，从没有在地面上做过静态展示，所以，我们观众难以窥见全貌。而此次航展，歼-20首次落地进行静态展示，以供观众近距离参观，满足大家的好奇心和求知欲。\n\n歼-20是中国第一款第五代战斗机，同时，也是世界第一款拥有双座型的第五代战机，美国和俄罗斯都没有研发第五代战斗机的双座型，这是为啥呢？\n\n在五代机之前，各国研发的战斗机时，通常都会以单座型为基础，同时研发一款双座型。比如美国的F-16C单座型战斗机，就有与之配套的双座型F-16D。这个双座型F-16D也称教练型，功能上与单座型F-16C一样，只不过多了个座舱，既可用于作战，也可用来培训飞行员，以满足新老飞行员同乘飞行需求。但毕竟多了个座舱，所以，双座型在载荷、航程上，与单座型略有不同。但也有例外，如美国的F-15E就是双座型，但这个双座型就不是教练型，而是战斗轰炸机，前座舱是飞行员座舱，而后座舱是武器控制舱，两个座舱的功能是截然不同的。随着战斗机承担的任务越来越多，如对地攻击、电子战等，一名飞行员难以满足要求，于是，像F-15E这类的双座战斗机就脱颖而出。\n\n美国在研制五代机的时候，也曾计划研发双座机。然而，五代机同四代机相比，最大的优点就是隐身，而为了隐身，战斗机的所有外挂就要求藏在机身内部，以减少对雷达波的散射。所以，五代机机身内部非常紧凑，如果还要设计双座型，成本将大幅增加。再加上专用教练机和飞行模拟器的发展，使得美俄在研发五代机时，都没有同步研发双座教练型。', 1, '2022-12-07 17:25:58', '本届珠海航展，第五代战斗机歼-20最抢眼。虽然歼-20过去也频频亮相珠海航展，但都是在空中表演完了就飞走了，从没有在地面上做过静态展示，所以，我们观众难以窥见全貌。而此次航展，歼-20首次落地进行静态展示，以供观众近距离参观，满足大家的好奇心和求知欲。\n\n歼-20是中国第一款第五代战斗机，同时，也是', 'http://localhost:8080/ArticleSystem/ArticleSystemImg/166844064628251271.jpg');
INSERT INTO `as_article` VALUES (688, 11, '3中华航展，重磅出击，歼击机20，运20', '本届珠海航展，第五代战斗机歼-20最抢眼。虽然歼-20过去也频频亮相珠海航展，但都是在空中表演完了就飞走了，从没有在地面上做过静态展示，所以，我们观众难以窥见全貌。而此次航展，歼-20首次落地进行静态展示，以供观众近距离参观，满足大家的好奇心和求知欲。\n\n歼-20是中国第一款第五代战斗机，同时，也是世界第一款拥有双座型的第五代战机，美国和俄罗斯都没有研发第五代战斗机的双座型，这是为啥呢？\n\n在五代机之前，各国研发的战斗机时，通常都会以单座型为基础，同时研发一款双座型。比如美国的F-16C单座型战斗机，就有与之配套的双座型F-16D。这个双座型F-16D也称教练型，功能上与单座型F-16C一样，只不过多了个座舱，既可用于作战，也可用来培训飞行员，以满足新老飞行员同乘飞行需求。但毕竟多了个座舱，所以，双座型在载荷、航程上，与单座型略有不同。但也有例外，如美国的F-15E就是双座型，但这个双座型就不是教练型，而是战斗轰炸机，前座舱是飞行员座舱，而后座舱是武器控制舱，两个座舱的功能是截然不同的。随着战斗机承担的任务越来越多，如对地攻击、电子战等，一名飞行员难以满足要求，于是，像F-15E这类的双座战斗机就脱颖而出。\n\n美国在研制五代机的时候，也曾计划研发双座机。然而，五代机同四代机相比，最大的优点就是隐身，而为了隐身，战斗机的所有外挂就要求藏在机身内部，以减少对雷达波的散射。所以，五代机机身内部非常紧凑，如果还要设计双座型，成本将大幅增加。再加上专用教练机和飞行模拟器的发展，使得美俄在研发五代机时，都没有同步研发双座教练型。', 1, '2022-12-07 17:25:58', '本届珠海航展，第五代战斗机歼-20最抢眼。虽然歼-20过去也频频亮相珠海航展，但都是在空中表演完了就飞走了，从没有在地面上做过静态展示，所以，我们观众难以窥见全貌。而此次航展，歼-20首次落地进行静态展示，以供观众近距离参观，满足大家的好奇心和求知欲。\n\n歼-20是中国第一款第五代战斗机，同时，也是', 'http://localhost:8080/ArticleSystem/ArticleSystemImg/166844064628251271.jpg');
INSERT INTO `as_article` VALUES (687, 11, '2中华航展，重磅出击，歼击机20，运20', '本届珠海航展，第五代战斗机歼-20最抢眼。虽然歼-20过去也频频亮相珠海航展，但都是在空中表演完了就飞走了，从没有在地面上做过静态展示，所以，我们观众难以窥见全貌。而此次航展，歼-20首次落地进行静态展示，以供观众近距离参观，满足大家的好奇心和求知欲。\n\n歼-20是中国第一款第五代战斗机，同时，也是世界第一款拥有双座型的第五代战机，美国和俄罗斯都没有研发第五代战斗机的双座型，这是为啥呢？\n\n在五代机之前，各国研发的战斗机时，通常都会以单座型为基础，同时研发一款双座型。比如美国的F-16C单座型战斗机，就有与之配套的双座型F-16D。这个双座型F-16D也称教练型，功能上与单座型F-16C一样，只不过多了个座舱，既可用于作战，也可用来培训飞行员，以满足新老飞行员同乘飞行需求。但毕竟多了个座舱，所以，双座型在载荷、航程上，与单座型略有不同。但也有例外，如美国的F-15E就是双座型，但这个双座型就不是教练型，而是战斗轰炸机，前座舱是飞行员座舱，而后座舱是武器控制舱，两个座舱的功能是截然不同的。随着战斗机承担的任务越来越多，如对地攻击、电子战等，一名飞行员难以满足要求，于是，像F-15E这类的双座战斗机就脱颖而出。\n\n美国在研制五代机的时候，也曾计划研发双座机。然而，五代机同四代机相比，最大的优点就是隐身，而为了隐身，战斗机的所有外挂就要求藏在机身内部，以减少对雷达波的散射。所以，五代机机身内部非常紧凑，如果还要设计双座型，成本将大幅增加。再加上专用教练机和飞行模拟器的发展，使得美俄在研发五代机时，都没有同步研发双座教练型。', 1, '2022-12-07 17:25:58', '本届珠海航展，第五代战斗机歼-20最抢眼。虽然歼-20过去也频频亮相珠海航展，但都是在空中表演完了就飞走了，从没有在地面上做过静态展示，所以，我们观众难以窥见全貌。而此次航展，歼-20首次落地进行静态展示，以供观众近距离参观，满足大家的好奇心和求知欲。\n\n歼-20是中国第一款第五代战斗机，同时，也是', 'http://localhost:8080/ArticleSystem/ArticleSystemImg/166844064628251271.jpg');
INSERT INTO `as_article` VALUES (686, 11, '1中华航展，重磅出击，歼击机20，运20', '本届珠海航展，第五代战斗机歼-20最抢眼。虽然歼-20过去也频频亮相珠海航展，但都是在空中表演完了就飞走了，从没有在地面上做过静态展示，所以，我们观众难以窥见全貌。而此次航展，歼-20首次落地进行静态展示，以供观众近距离参观，满足大家的好奇心和求知欲。\n\n歼-20是中国第一款第五代战斗机，同时，也是世界第一款拥有双座型的第五代战机，美国和俄罗斯都没有研发第五代战斗机的双座型，这是为啥呢？\n\n在五代机之前，各国研发的战斗机时，通常都会以单座型为基础，同时研发一款双座型。比如美国的F-16C单座型战斗机，就有与之配套的双座型F-16D。这个双座型F-16D也称教练型，功能上与单座型F-16C一样，只不过多了个座舱，既可用于作战，也可用来培训飞行员，以满足新老飞行员同乘飞行需求。但毕竟多了个座舱，所以，双座型在载荷、航程上，与单座型略有不同。但也有例外，如美国的F-15E就是双座型，但这个双座型就不是教练型，而是战斗轰炸机，前座舱是飞行员座舱，而后座舱是武器控制舱，两个座舱的功能是截然不同的。随着战斗机承担的任务越来越多，如对地攻击、电子战等，一名飞行员难以满足要求，于是，像F-15E这类的双座战斗机就脱颖而出。\n\n美国在研制五代机的时候，也曾计划研发双座机。然而，五代机同四代机相比，最大的优点就是隐身，而为了隐身，战斗机的所有外挂就要求藏在机身内部，以减少对雷达波的散射。所以，五代机机身内部非常紧凑，如果还要设计双座型，成本将大幅增加。再加上专用教练机和飞行模拟器的发展，使得美俄在研发五代机时，都没有同步研发双座教练型。', 1, '2022-12-07 17:25:58', '本届珠海航展，第五代战斗机歼-20最抢眼。虽然歼-20过去也频频亮相珠海航展，但都是在空中表演完了就飞走了，从没有在地面上做过静态展示，所以，我们观众难以窥见全貌。而此次航展，歼-20首次落地进行静态展示，以供观众近距离参观，满足大家的好奇心和求知欲。\n\n歼-20是中国第一款第五代战斗机，同时，也是', 'http://localhost:8080/ArticleSystem/ArticleSystemImg/166844064628251271.jpg');
INSERT INTO `as_article` VALUES (685, 11, '0中华航展，重磅出击，歼击机20，运20', '本届珠海航展，第五代战斗机歼-20最抢眼。虽然歼-20过去也频频亮相珠海航展，但都是在空中表演完了就飞走了，从没有在地面上做过静态展示，所以，我们观众难以窥见全貌。而此次航展，歼-20首次落地进行静态展示，以供观众近距离参观，满足大家的好奇心和求知欲。\n\n歼-20是中国第一款第五代战斗机，同时，也是世界第一款拥有双座型的第五代战机，美国和俄罗斯都没有研发第五代战斗机的双座型，这是为啥呢？\n\n在五代机之前，各国研发的战斗机时，通常都会以单座型为基础，同时研发一款双座型。比如美国的F-16C单座型战斗机，就有与之配套的双座型F-16D。这个双座型F-16D也称教练型，功能上与单座型F-16C一样，只不过多了个座舱，既可用于作战，也可用来培训飞行员，以满足新老飞行员同乘飞行需求。但毕竟多了个座舱，所以，双座型在载荷、航程上，与单座型略有不同。但也有例外，如美国的F-15E就是双座型，但这个双座型就不是教练型，而是战斗轰炸机，前座舱是飞行员座舱，而后座舱是武器控制舱，两个座舱的功能是截然不同的。随着战斗机承担的任务越来越多，如对地攻击、电子战等，一名飞行员难以满足要求，于是，像F-15E这类的双座战斗机就脱颖而出。\n\n美国在研制五代机的时候，也曾计划研发双座机。然而，五代机同四代机相比，最大的优点就是隐身，而为了隐身，战斗机的所有外挂就要求藏在机身内部，以减少对雷达波的散射。所以，五代机机身内部非常紧凑，如果还要设计双座型，成本将大幅增加。再加上专用教练机和飞行模拟器的发展，使得美俄在研发五代机时，都没有同步研发双座教练型。', 1, '2022-12-07 17:25:58', '本届珠海航展，第五代战斗机歼-20最抢眼。虽然歼-20过去也频频亮相珠海航展，但都是在空中表演完了就飞走了，从没有在地面上做过静态展示，所以，我们观众难以窥见全貌。而此次航展，歼-20首次落地进行静态展示，以供观众近距离参观，满足大家的好奇心和求知欲。\n\n歼-20是中国第一款第五代战斗机，同时，也是', 'http://localhost:8080/ArticleSystem/ArticleSystemImg/166844064628251271.jpg');

-- ----------------------------
-- Table structure for as_article_category_ref
-- ----------------------------
DROP TABLE IF EXISTS `as_article_category_ref`;
CREATE TABLE `as_article_category_ref`  (
                                            `article_id` int(11) NOT NULL COMMENT '文章ID',
                                            `category_id` int(11) NOT NULL COMMENT '分类ID',
                                            PRIMARY KEY (`article_id`, `category_id`) USING BTREE
) ENGINE = InnoDB CHARACTER SET = utf8 COLLATE = utf8_general_ci ROW_FORMAT = Compact;

-- ----------------------------
-- Records of as_article_category_ref
-- ----------------------------
INSERT INTO `as_article_category_ref` VALUES (559, 100000014);
INSERT INTO `as_article_category_ref` VALUES (594, 100000012);
INSERT INTO `as_article_category_ref` VALUES (595, 100000014);
INSERT INTO `as_article_category_ref` VALUES (596, 0);
INSERT INTO `as_article_category_ref` VALUES (597, 100000010);
INSERT INTO `as_article_category_ref` VALUES (598, 100000009);
INSERT INTO `as_article_category_ref` VALUES (599, 100000013);
INSERT INTO `as_article_category_ref` VALUES (600, 100000011);
INSERT INTO `as_article_category_ref` VALUES (601, 100000013);
INSERT INTO `as_article_category_ref` VALUES (602, 100000010);
INSERT INTO `as_article_category_ref` VALUES (603, 100000013);
INSERT INTO `as_article_category_ref` VALUES (685, 100000011);
INSERT INTO `as_article_category_ref` VALUES (686, 100000011);
INSERT INTO `as_article_category_ref` VALUES (687, 100000011);
INSERT INTO `as_article_category_ref` VALUES (688, 100000011);
INSERT INTO `as_article_category_ref` VALUES (689, 100000011);
INSERT INTO `as_article_category_ref` VALUES (690, 100000011);
INSERT INTO `as_article_category_ref` VALUES (691, 100000011);
INSERT INTO `as_article_category_ref` VALUES (692, 100000011);
INSERT INTO `as_article_category_ref` VALUES (693, 100000011);
INSERT INTO `as_article_category_ref` VALUES (694, 100000011);
INSERT INTO `as_article_category_ref` VALUES (695, 100000011);
INSERT INTO `as_article_category_ref` VALUES (696, 100000011);
INSERT INTO `as_article_category_ref` VALUES (697, 100000011);
INSERT INTO `as_article_category_ref` VALUES (698, 100000011);
INSERT INTO `as_article_category_ref` VALUES (699, 100000011);
INSERT INTO `as_article_category_ref` VALUES (700, 100000011);
INSERT INTO `as_article_category_ref` VALUES (701, 100000011);
INSERT INTO `as_article_category_ref` VALUES (702, 100000011);
INSERT INTO `as_article_category_ref` VALUES (703, 100000011);
INSERT INTO `as_article_category_ref` VALUES (704, 100000011);
INSERT INTO `as_article_category_ref` VALUES (705, 100000011);
INSERT INTO `as_article_category_ref` VALUES (706, 100000011);
INSERT INTO `as_article_category_ref` VALUES (707, 100000011);
INSERT INTO `as_article_category_ref` VALUES (708, 100000011);
INSERT INTO `as_article_category_ref` VALUES (709, 100000011);
INSERT INTO `as_article_category_ref` VALUES (710, 100000011);
INSERT INTO `as_article_category_ref` VALUES (711, 100000011);
INSERT INTO `as_article_category_ref` VALUES (712, 100000011);
INSERT INTO `as_article_category_ref` VALUES (713, 100000011);
INSERT INTO `as_article_category_ref` VALUES (714, 100000011);
INSERT INTO `as_article_category_ref` VALUES (715, 100000011);
INSERT INTO `as_article_category_ref` VALUES (716, 100000011);
INSERT INTO `as_article_category_ref` VALUES (717, 100000011);
INSERT INTO `as_article_category_ref` VALUES (718, 100000011);
INSERT INTO `as_article_category_ref` VALUES (719, 100000011);
INSERT INTO `as_article_category_ref` VALUES (720, 100000011);
INSERT INTO `as_article_category_ref` VALUES (721, 100000011);
INSERT INTO `as_article_category_ref` VALUES (722, 100000011);
INSERT INTO `as_article_category_ref` VALUES (723, 100000011);
INSERT INTO `as_article_category_ref` VALUES (724, 100000011);
INSERT INTO `as_article_category_ref` VALUES (725, 100000011);
INSERT INTO `as_article_category_ref` VALUES (726, 100000011);
INSERT INTO `as_article_category_ref` VALUES (727, 100000011);
INSERT INTO `as_article_category_ref` VALUES (728, 100000011);
INSERT INTO `as_article_category_ref` VALUES (729, 100000011);
INSERT INTO `as_article_category_ref` VALUES (730, 100000011);
INSERT INTO `as_article_category_ref` VALUES (731, 100000011);
INSERT INTO `as_article_category_ref` VALUES (732, 100000011);
INSERT INTO `as_article_category_ref` VALUES (733, 100000011);
INSERT INTO `as_article_category_ref` VALUES (734, 100000011);

-- ----------------------------
-- Table structure for as_category
-- ----------------------------
DROP TABLE IF EXISTS `as_category`;
CREATE TABLE `as_category`  (
                                `category_id` int(11) UNSIGNED NOT NULL AUTO_INCREMENT COMMENT '分类ID',
                                `category_name` varchar(50) CHARACTER SET utf8 COLLATE utf8_general_ci NULL DEFAULT NULL COMMENT '分类名称',
                                `category_description` varchar(255) CHARACTER SET utf8 COLLATE utf8_general_ci NULL DEFAULT NULL COMMENT '描述',
                                PRIMARY KEY (`category_id`) USING BTREE
) ENGINE = InnoDB AUTO_INCREMENT = 100000015 CHARACTER SET = utf8 COLLATE = utf8_general_ci ROW_FORMAT = Compact;

-- ----------------------------
-- Records of as_category
-- ----------------------------
INSERT INTO `as_category` VALUES (0, '未分类', NULL);
INSERT INTO `as_category` VALUES (100000009, '计算机', NULL);
INSERT INTO `as_category` VALUES (100000010, '军事', NULL);
INSERT INTO `as_category` VALUES (100000011, '生活', NULL);
INSERT INTO `as_category` VALUES (100000012, '体育', NULL);
INSERT INTO `as_category` VALUES (100000013, '科技', NULL);
INSERT INTO `as_category` VALUES (100000014, '国际', NULL);

-- ----------------------------
-- Table structure for as_comment
-- ----------------------------
DROP TABLE IF EXISTS `as_comment`;
CREATE TABLE `as_comment`  (
                               `comment_id` int(11) UNSIGNED NOT NULL AUTO_INCREMENT COMMENT '评论ID',
                               `comment_article_id` int(11) UNSIGNED NOT NULL COMMENT '文章ID',
                               `comment_author_name` varchar(50) CHARACTER SET utf8 COLLATE utf8_general_ci NULL DEFAULT NULL COMMENT '评论人名称',
                               `comment_author_avatar` varchar(100) CHARACTER SET utf8 COLLATE utf8_general_ci NULL DEFAULT NULL COMMENT '评论人头像',
                               `comment_content` varchar(1000) CHARACTER SET utf8 COLLATE utf8_general_ci NULL DEFAULT NULL COMMENT '内容',
                               `comment_create_time` datetime NULL DEFAULT NULL COMMENT '评论时间',
                               PRIMARY KEY (`comment_id`) USING BTREE
) ENGINE = InnoDB AUTO_INCREMENT = 68 CHARACTER SET = utf8 COLLATE = utf8_general_ci ROW_FORMAT = Compact;

-- ----------------------------
-- Records of as_comment
-- ----------------------------
INSERT INTO `as_comment` VALUES (44, 559, '付锦芝', 'http://localhost:8080/ArticleSystem/ArticleSystemImg/166895120316110694.jpeg', '非常好', '2022-11-23 12:34:19');
INSERT INTO `as_comment` VALUES (54, 559, '付锦芝', 'http://localhost:8080/ArticleSystem/ArticleSystemImg/166895120316110694.jpeg', '广告分会场', '2022-11-24 20:42:47');
INSERT INTO `as_comment` VALUES (64, 559, '付锦芝', 'http://localhost:8080/ArticleSystem/ArticleSystemImg/166895120316110694.jpeg', '', '2022-12-03 15:25:33');
INSERT INTO `as_comment` VALUES (65, 559, '付锦芝', 'http://localhost:8080/ArticleSystem/ArticleSystemImg/166895120316110694.jpeg', 'VG发发发v', '2022-12-03 15:25:53');
INSERT INTO `as_comment` VALUES (67, 686, '伍世影', 'http://localhost:8080/ArticleSystem/ArticleSystemImg/167103460524887107.jpg', '123', '2022-12-15 00:17:36');

-- ----------------------------
-- Table structure for as_user
-- ----------------------------
DROP TABLE IF EXISTS `as_user`;
CREATE TABLE `as_user`  (
                            `user_id` int(11) UNSIGNED NOT NULL AUTO_INCREMENT COMMENT '用户ID',
                            `user_name` varchar(30) CHARACTER SET utf8 COLLATE utf8_general_ci NOT NULL DEFAULT '' COMMENT '用户名',
                            `user_pass` varchar(300) CHARACTER SET utf8 COLLATE utf8_general_ci NOT NULL DEFAULT '' COMMENT '用户密码',
                            `user_phone_number` char(11) CHARACTER SET utf8 COLLATE utf8_general_ci NOT NULL DEFAULT '' COMMENT '用户电话名',
                            `user_role` varchar(30) CHARACTER SET utf8 COLLATE utf8_general_ci NOT NULL DEFAULT 'user' COMMENT '用户角色',
                            `user_avatar` varchar(100) CHARACTER SET utf8 COLLATE utf8_general_ci NULL DEFAULT NULL COMMENT '头像',
                            PRIMARY KEY (`user_id`) USING BTREE
) ENGINE = MyISAM AUTO_INCREMENT = 36 CHARACTER SET = utf8 COLLATE = utf8_general_ci ROW_FORMAT = Dynamic;

-- ----------------------------
-- Records of as_user
-- ----------------------------
INSERT INTO `as_user` VALUES (7, '付锦芝', 'c4ca4238a0b923820dcc509a6f75849b', '15025044541', 'user', 'http://localhost:8080/ArticleSystem/ArticleSystemImg/166895120316110694.jpeg');
INSERT INTO `as_user` VALUES (10, 'admin', 'c4ca4238a0b923820dcc509a6f75849b', '15087277758', 'admin', 'http://localhost:8080/ArticleSystem/ArticleSystemImg/166989579634916664.png');
INSERT INTO `as_user` VALUES (11, '苏令', 'c4ca4238a0b923820dcc509a6f75849b', '15025044546', 'user', 'http://localhost:8080/ArticleSystem/ArticleSystemImg/166904074529628274.jpg');
INSERT INTO `as_user` VALUES (26, '付云佳', 'c4ca4238a0b923820dcc509a6f75849b', '15025044549', 'user', NULL);
INSERT INTO `as_user` VALUES (35, '伍世影', '202cb962ac59075b964b07152d234b70', '15287789290', 'admin', 'http://localhost:8080/ArticleSystem/ArticleSystemImg/167103460524887107.jpg');

SET FOREIGN_KEY_CHECKS = 1;
